,xPore,motif_F10,Center_base,X,Y,Cluster,Phase_shift
11@ENSG00000255717@62852158,True,CCTTCTGTTCCCGTCATGAGC,C,10.182449,16.13338,1,0
5@ENSG00000069011@135028597,True,CTTTTCCGGACCCCACTCTGC,C,11.749019,16.95031,1,0
11@ENSG00000255717@62852159,True,ACCTTCTGTTCCCGTCATGAG,C,9.736896,16.707975,1,0
11@ENSG00000168061@65041571,True,CCGACATCGCCCGCGCCGAGG,C,9.126417,15.807221,1,0
19@ENSG00000125656@6368784,True,CCCTGCTCACCCCTTGTTGCT,C,12.262092,16.435875,1,0
11@ENSG00000084234@130069931,True,GCGAGGAGTCCGAGTGTGTGA,C,10.026357,15.441141,1,0
19@ENSG00000167747@50797906,True,ATGAGGGAAGCAGGCCTTGTG,C,9.039056,14.990721,1,0
1@ENSG00000117543@100990310,True,GAATTTTAATCCTCATAATTC,C,9.376581,18.181509,1,0
11@ENSG00000069482@68684659,True,GGCCCGACGCCCGGACCTGCC,C,9.398653,15.449452,1,0
6@ENSG00000124733@43013130,True,TTGCTGACATCCAGGATCGAA,C,9.557049,16.917608,1,0
19@ENSG00000108106@55406858,True,TCTTTCCCAACGAGGAGGACC,C,9.30986,16.064232,1,0
1@ENSG00000181218@228457245,True,GAACCGAGACCCTGGGGACTG,C,9.898333,17.964352,1,0
11@ENSG00000149428@119045233,True,TATCAGGTTGCTGGGGAGTTT,C,8.522216,15.803624,1,0
6@ENSG00000137309@34237249,True,CCAGGCCGGTCCTCAGCGCCC,C,10.03426,16.953686,1,0
11@ENSG00000168003@62885278,True,CTGTCTGATTCTGGTTCTACT,C,6.7036023,17.642586,1,0
9@ENSG00000164967@34610873,True,ACCCCCTGGCCTGGGTTCCAT,C,8.55727,16.207586,1,0
16@ENSG00000169180@28098194,True,ACGACAGTGCCACCTTCTCAC,C,8.66489,16.076296,1,0
11@ENSG00000173456@119336630,True,TGGGTCCCTTCGATGCTGAGG,C,8.827875,15.247633,1,0
11@ENSG00000149823@65107703,True,GCAGGACCGCCACGAGCGCAT,C,8.593015,15.99884,1,0
6@ENSG00000054598@1611535,True,CTACAGCTCCCCCTGCAGCCA,C,9.4421,15.021046,1,0
7@ENSG00000146834@100431301,True,CGCAATCCTTCCTGTGAGGAT,C,8.8687725,17.411882,1,0
20@ENSG00000118705@37230033,True,GTCCCAGAACCTTTTCACTCC,C,8.157297,16.770079,1,0
10@ENSG00000165644@75234712,True,AGGCCGGCACCTTCGACGTGG,C,9.0533905,15.858987,1,0
16@ENSG00000166123@46929109,True,GGCCGCTGGTCACTTCGTCAT,C,6.8170247,16.439106,1,0
6@ENSG00000137309@34245314,True,GGGAGGGTTCCCCTGGCCTTA,C,8.645373,17.183218,1,0
17@ENSG00000141568@82519918,True,CGCTCTCGGGCGCGGGCACGC,C,11.452851,15.978461,1,0
1@ENSG00000143252@161356749,True,CTTGTGAAGTCCCTGTGTCTG,C,6.844989,16.201412,1,0
15@ENSG00000177971@75639962,True,CCGAACGCGACCAGTTCCGCG,C,9.018076,17.087074,1,0
22@ENSG00000100353@36517368,True,TCCTTCAATTCACCCCGCAAC,C,8.404884,16.983318,1,0
7@ENSG00000085662@134448455,True,AGAAGTTAATCCAGTACTGCC,C,9.08715,17.888708,1,0
12@ENSG00000175203@57535078,True,CAAGAGCTGACAACTGAAGTT,C,9.987676,16.017805,1,0
1@ENSG00000132128@46280489,True,GTGCTCCGTTCTGAAGGCCTC,C,9.339485,15.228448,1,0
7@ENSG00000087087@100887174,True,GGGCCCATGCCACCCAACCGC,C,9.109664,16.131649,1,0
19@ENSG00000196235@39474715,True,TCCGCAGTGTCACGGTACGTG,C,8.621071,15.990876,1,0
5@ENSG00000198055@177434096,True,GGGAGCGCATCGTGTACAGGT,C,9.090844,17.42828,1,0
17@ENSG00000108828@43015546,True,CCAATCTCGTCCTCTGTCCCC,C,9.173451,16.88142,1,0
16@ENSG00000198931@88809791,True,AGGCTGAGGTCCTGGAGTGCG,C,9.914321,17.155344,1,0
22@ENSG00000100075@19177171,True,CTCCCCAAACCCCAAGTACAG,C,9.610539,16.017662,1,0
12@ENSG00000167552@49186746,True,ACACGGCATCCAGCCCGATGG,C,9.134228,15.257325,1,0
5@ENSG00000197451@178210234,True,GACTACTCGCCCTATGGCTAT,C,11.307326,18.074335,1,0
12@ENSG00000111605@69253143,True,GGGCAAATGGCCAGTCAAAGG,C,11.835036,18.393452,1,0
3@ENSG00000073111@127606654,True,GGGGTGGTGACCAGCTGCACT,C,10.933925,17.395597,1,0
2@ENSG00000115677@241239916,True,AGCTGGAGGCCTTGATCCAAA,C,8.239882,17.231361,1,0
11@ENSG00000149357@72097870,True,TTTCTCAGATCCGTGTGGACG,C,9.045404,17.060644,1,0
1@ENSG00000242125@28508942,True,GAGGGTTTGACAATCTTTGGC,C,9.665318,16.70028,1,0
11@ENSG00000117984@1753392,True,CGCCCACTGTCCTGGGCGCCC,C,8.578793,17.609114,1,0
20@ENSG00000101255@396568,True,GCGACAGGACCCGATGCCCTT,C,8.927019,15.264962,1,0
12@ENSG00000197111@53455921,True,AGGGAATTGTCCTGAGAGAAT,C,7.39946,18.18741,1,0
7@ENSG00000169919@65982084,True,CCAGGAGAGCCCGTCGCGGGA,C,9.022827,15.769657,1,0
12@ENSG00000187778@49558866,True,CAAATGGCGCCTCAGCAACAA,C,7.961396,16.026049,1,0
4@ENSG00000123933@2261794,True,TCGGTGCTGCCCTTCGACGGC,C,8.006423,16.404833,1,0
5@ENSG00000113739@173317856,True,ATTCTGATATCCGGAGGTGAA,C,9.511287,16.987003,1,0
22@ENSG00000025770@50520978,True,GCTGCCCTGCCCAGGAGGTAC,C,8.593093,17.436327,1,0
1@ENSG00000143368@149926676,True,TATGCGGGACCCTGACACAGG,C,10.012284,17.782618,1,0
19@ENSG00000179115@12924221,True,GGTCTTCCGTCCAGAGATGCT,C,12.721395,18.021553,1,0
19@ENSG00000213015@55642755,True,CGAGGCGCCCCCAGGAGAGCC,C,9.326109,16.380198,1,0
19@ENSG00000072958@16235009,True,GTCTTCCTTCCCGGCAGCGCC,C,10.638781,16.31126,1,0
1@ENSG00000160803@156041971,True,AACCCAGAGTCACTCTCCATC,C,8.577347,16.521246,1,0
12@ENSG00000135404@55727292,True,CACAGCTTGTCCTGAGTCAGA,C,8.293277,17.598358,1,0
16@ENSG00000166851@23689598,True,GGCTGCCCTACCTACGGACCT,C,9.873629,16.761675,1,0
8@ENSG00000130193@142735444,True,CAGTGACCGCCACCTTCACAC,C,8.284744,16.076435,1,0
21@ENSG00000274559@5973033,True,GGCCGTGCGCCTGCTGCTGCC,C,9.181195,15.4968815,1,0
12@ENSG00000183283@51242419,True,AGGGGAACTTCTTCATGGGTG,C,8.737886,17.19473,1,0
2@ENSG00000123989@219539842,True,TCACGCCTGACTTCCTGAACC,C,9.402983,16.83636,1,0
16@ENSG00000103495@29806857,True,AGTCCCGCTTCTTTGCCTCCC,C,8.421826,17.063374,1,0
9@ENSG00000165283@35100047,True,TTGATCGAGTCAAGATGAGTT,C,8.989363,17.26721,1,0
17@ENSG00000262814@81707307,True,CTCCCGTGGTCACTGGCTCCG,C,7.790622,15.917255,1,0
19@ENSG00000172270@580673,True,GCTGTGAAGTCGTCAGAACAC,C,9.411535,16.281696,1,0
11@ENSG00000174547@66437128,True,TCTGCCCGTTCTCTGGGCATT,C,8.252376,15.899149,1,0
1@ENSG00000158828@20649081,True,CCTATGAAATCTTCGGGCTTG,C,8.446445,15.614768,1,0
6@ENSG00000124570@2948574,True,TGGAGAGTGTCCTGCGCAACC,C,8.694387,17.69584,1,0
12@ENSG00000183283@51242708,True,GTGAAGCCGCCCTAAGGATTT,C,11.936564,18.564034,1,0
19@ENSG00000248098@41424896,True,GACTAGAAGCCCCTCTGGGCA,C,8.957368,15.820754,1,0
2@ENSG00000084774@27240920,True,GCTGAGGAGCCAAAGGAGAAG,C,9.819355,15.01644,1,0
20@ENSG00000244274@45408822,True,AGTATCTCATCCATGGAAGTG,C,9.271828,17.880636,1,0
14@ENSG00000100823@20457457,True,AGATCCGTTCCAAGGCCCTCG,C,8.700242,17.230553,1,0
19@ENSG00000172270@580689,True,AACACATCAACGAGGGGGAGA,C,8.965232,16.695213,1,0
22@ENSG00000100297@35410888,True,TCCTGGGCATCCAGGTGGACA,C,9.217403,17.093315,1,0
1@ENSG00000008130@1754091,True,CACTCGCTGTCCTTCCGGCCC,C,8.567656,17.550669,1,0
6@ENSG00000196230@30724883,True,CTATTAAAGTCACTAAATTTC,C,8.014985,17.965004,1,0
16@ENSG00000206053@1701201,True,AACCTAGCATCCTGTTCTCAC,C,7.019061,17.945282,1,0
2@ENSG00000123989@219540288,True,ACTGACCCCCCAGGGAGGCCG,C,9.10002,15.801451,1,0
3@ENSG00000169714@129183783,True,CCCGCTCCGACGCGGAAGGTG,C,8.566838,15.952999,1,0
9@ENSG00000165724@137582513,True,TACTCACAGCCCCCGGGCTCT,C,8.289291,16.624777,1,0
5@ENSG00000113328@163442523,True,ATAGCTACTACAGAATAACTC,C,8.674895,16.346027,1,0
1@ENSG00000085999@46248310,True,TAGCAGCCCCCTCTACAGATT,C,7.6658726,16.20671,1,0
12@ENSG00000110917@120698777,True,GGGGCCATTTCCTAATGGTAC,C,8.645629,17.51771,1,0
10@ENSG00000148730@70419988,True,CCCACCCTGCCACCTGCCCAA,C,9.224432,15.81483,1,0
8@ENSG00000070756@100706773,True,GGGTCCACGTCCTGCAGCTGC,C,8.572427,17.570436,1,0
5@ENSG00000177733@137753617,True,AGAATCACGACGCGGCAGACA,C,7.25255,15.661985,1,0
1@ENSG00000069275@205714128,True,GCTTTGTCTTCTGGAACTTAG,C,8.867731,15.827263,1,0
5@ENSG00000113328@163444031,True,CTAATACTATCAACTATCAGT,C,8.181569,16.724981,1,0
14@ENSG00000142208@104775713,True,TCGGGCTCACCCAGTGACAAC,C,10.032938,17.497837,1,0
11@ENSG00000239306@66627248,True,GTCCCACTTCCCCATCTCCCC,C,8.52504,16.045258,1,0
19@ENSG00000123136@14412635,True,GCATGGACGTCCTGTGCCAGG,C,8.828282,17.49527,1,0
16@ENSG00000169217@30352949,True,GCCCTTCTTTCCTGGACTTTG,C,8.385839,17.874617,1,0
19@ENSG00000160014@46610174,True,ATAAAACAGTCTTGTCGGCCA,C,7.450955,17.897797,1,0
22@ENSG00000161179@21628706,True,TGGCGCGGGTCCTGGAAGGTA,C,8.106809,17.331661,1,0
19@ENSG00000176619@2429640,True,CAGCTCAAGTCTTAAAGACAC,C,8.499804,16.438334,1,0
14@ENSG00000092199@21211053,True,CGCGCCTAGTCCCATTTTCAC,C,8.465951,17.6435,1,0
3@ENSG00000181788@150742493,True,TTTCTAGCTACAGACATTAAC,C,9.631892,15.958336,1,0
12@ENSG00000182199@57232758,True,CATCAGTGGCCTGGTGGCTGC,C,7.925485,15.460011,1,0
6@ENSG00000112667@43226364,True,ACAGGCTCATCCATGAGCAGG,C,9.135179,17.749125,1,0
1@ENSG00000158710@159918562,True,TCTTCCTTTCCCCTGGGACCA,C,8.243133,16.238214,1,0
11@ENSG00000162236@62807157,True,TTTTATAAACCCTCTCCAGCC,C,10.345307,18.611662,1,0
1@ENSG00000159377@151400008,True,GGACCTCAGTCCTCGGCGTTA,C,8.842576,17.562773,1,0
1@ENSG00000160803@156036449,True,GGCCCCTATTCTGGTTCATTC,C,9.156575,16.032473,1,0
19@ENSG00000167747@50798789,True,TCTCCTGGGTCCTGCAGGTGT,C,8.791614,17.113964,1,0
1@ENSG00000168275@234373545,True,GTCTACGCTTCTAGAGCTTGA,C,8.995256,16.035229,1,0
19@ENSG00000072958@16198031,True,GCCATCATGTCCGCCAGCGCC,C,10.856332,16.477657,1,0
3@ENSG00000132155@12584354,True,ATGTTGCCTTCTTTTCTATCC,C,6.9846416,17.745953,1,0
4@ENSG00000118816@77075952,True,GACGCGGCAGCGCCTCTGTCT,C,9.886559,16.212166,1,0
6@ENSG00000204469@31635646,True,GAGCCACAATCCAAGAACCTG,C,9.28283,15.107835,1,0
3@ENSG00000163930@52404519,True,CAGCAGTACTCAGATGATGAG,C,9.31735,14.931209,1,0
1@ENSG00000143149@165662335,True,ATCTCCCTATCTTGGGTCCTT,C,7.648739,16.74443,1,0
16@ENSG00000103423@4448825,True,ACCACTACATCCACATCAAGA,C,8.825696,17.617628,1,0
19@ENSG00000170889@54201574,True,GAACTGCTGACGCTTGATGAG,C,7.6483636,15.518729,1,0
17@ENSG00000132471@75846129,True,GCTTGGGTGGCGTCGGGGCAG,C,10.48336,16.416874,1,0
8@ENSG00000178896@144080416,True,TGGCCCCCAGCTGGCCCTGGC,C,9.646085,15.631922,1,0
14@ENSG00000156411@103912348,True,GATCAGGATCCAGGCACTCAC,C,9.302781,15.187855,1,0
7@ENSG00000166508@100098192,True,ACGTCAGCGTCACTGGTATTT,C,8.243211,17.66404,1,0
19@ENSG00000141985@4361471,True,GGGCCCCGGCCCTTGAGGTAC,C,8.688156,17.562296,1,0
19@ENSG00000105323@41274036,True,TTGATGATACCCTTGTTGCTA,C,10.566594,19.079409,1,0
1@ENSG00000188290@999131,True,CGGGTCTGACCCGGGCGCTGC,C,8.493867,14.992592,1,0
9@ENSG00000188986@137267331,True,GCTCCTCCGCCTGCTGCCCGG,C,9.417747,15.647678,1,0
13@ENSG00000139514@29512146,True,GTTCACTGGTCACCGTGCTTT,C,6.6740193,16.421953,1,0
2@ENSG00000163170@74145202,True,CTATAAAAGTCACTGACATTT,C,8.161607,17.987936,1,0
1@ENSG00000162736@160351799,True,TGGTTGCTGCCACCCGGGTGA,C,8.765509,15.376543,1,0
1@ENSG00000143420@150625669,True,CAGAGAAAGTCCTCGCTCGTC,C,9.025368,17.371386,1,0
4@ENSG00000087274@2929590,True,TGACCCATTTCAGGAGGTGCC,C,9.003097,16.031849,1,0
2@ENSG00000115307@74529370,True,CAGACAGCGTCCTTCGCAGGT,C,8.840466,17.589525,1,0
3@ENSG00000168374@57577361,True,TAGATAGCAACGATCGTGAAA,C,8.446897,15.475688,1,0
X@ENSG00000173674@20141802,True,GCAGGCGGATCTCTGAAGAGC,C,9.000765,17.708805,1,0
16@ENSG00000103145@3022976,True,TGAGCTGCTTCTCTGGCGCTA,C,8.282434,16.335466,1,0
1@ENSG00000163382@156593509,True,TCCTGAGTGTCCTGAAGGGAC,C,8.68811,17.389875,1,0
22@ENSG00000100243@42619626,True,TGAGCAGTTCCCCTGGAGCCC,C,8.445161,16.301203,1,0
7@ENSG00000106628@44114896,True,ACTTCAGTGCCACGCAGACCG,C,8.571516,16.291685,1,0
18@ENSG00000178127@9119536,True,TTCTTCCAGTCCTGGATTTAG,C,8.415117,17.833265,1,0
22@ENSG00000161179@21628312,True,GATCTGTTGACTTCCCTGGGT,C,10.766176,15.971018,1,0
16@ENSG00000102931@57252541,True,TGGAGCGAGCCCTATGTCAGG,C,8.272135,16.833391,1,0
16@ENSG00000280789@29816861,True,CCTCCGAAATCCAGCGGCTCT,C,8.640454,16.519175,1,0
10@ENSG00000155229@97463883,True,GCCTGCTTGCCTTGGCTGTGC,C,8.37066,17.363037,1,0
2@ENSG00000115677@241264540,True,CCCTCCACTTCCTGAGAAAGC,C,8.822754,17.522713,1,0
9@ENSG00000147955@34634815,True,CACACACACACACACACACAC,C,9.399271,15.910117,1,0
12@ENSG00000183283@51240880,True,GCTCTATCGTCCGAGCTTTGT,C,8.907625,16.534502,1,0
20@ENSG00000198171@3191790,True,GAAGACCTGGCTTCCCAGGTG,C,11.178335,16.191216,1,0
5@ENSG00000113739@173318018,True,GACATCACCTCCCAGAGCCCA,C,9.680087,16.325367,1,0
6@ENSG00000096384@44253536,True,TGCTGCAGTTCCTGATGAGAT,C,8.864989,17.562693,1,0
16@ENSG00000205609@28388074,True,ATTCAGCATGCAGACCCGCCA,C,9.382109,15.311185,1,0
7@ENSG00000106628@44121989,True,GCCAACAATGCCACCTTTGCC,C,11.21826,16.863153,1,0
17@ENSG00000169710@82080863,True,TCAGCTGAACCTGCGCTCCCT,C,8.852374,15.650159,1,0
14@ENSG00000184887@105249922,True,AGATCATTGTCACTCGGGAGG,C,6.784121,16.49323,1,0
19@ENSG00000087088@48961546,True,GCCTCCTCTCCTACTTTGGGA,C,10.064681,16.413445,1,0
19@ENSG00000099783@8486076,True,CGTGATGGATCGCATGGCCAC,C,8.360428,15.553551,1,0
19@ENSG00000039650@49862231,True,CCAGGGCCCTCCTGAGCGCCA,C,9.062689,16.839016,1,0
1@ENSG00000070831@22086737,True,AAATTGATCTCAGAGATGACC,C,8.933985,16.18096,1,0
1@ENSG00000163382@156591832,True,GCTGCTGGGCCTCGGGCTGCT,C,8.326866,15.857141,1,0
19@ENSG00000198858@896769,True,TATATGAGCCCCCTTCCTTTC,C,8.123252,18.00971,1,0
1@ENSG00000130766@28259784,True,ATTCGGGCGTCCCTCCGAAAC,C,8.641756,17.085995,1,0
22@ENSG00000100162@41947029,True,TGAACACGGCCACCATCTTGG,C,8.991781,16.342165,1,0
1@ENSG00000188976@951187,True,GCATCCGTGCCCTGACGCTGC,C,8.481705,17.480322,1,0
11@ENSG00000133884@65352081,True,ACAGTGTCCTCCTAGAAAGAG,C,9.332396,17.773077,1,0
12@ENSG00000089248@112013570,True,GCCTGCACACCAAGGGCGCCC,C,9.2766695,15.550775,1,0
19@ENSG00000170906@54105994,True,AACAAGGCCACGCCCTACAAC,C,7.4020953,15.239217,1,0
16@ENSG00000103148@86533,True,CTGTCCTTGCCCCTGGTGGTT,C,12.032656,16.210411,1,0
14@ENSG00000100650@69767195,True,TGGAGGTCGACGACTCCGTCG,C,8.63575,15.181332,1,0
X@ENSG00000147140@71294517,True,AAGGCTCCTTCCTGCTAACCA,C,9.314016,16.441566,1,0
1@ENSG00000127054@1311843,True,GCAACTCACCCAGCCGCCACC,C,9.343642,15.731695,1,0
3@ENSG00000178035@49024534,True,AAGAGAACGTCCTCAGCCCAG,C,9.405125,17.304525,1,0
5@ENSG00000152684@52801597,True,CCAATGAAGCCATGGCAATTG,C,8.405793,15.465261,1,0
6@ENSG00000112118@52266078,True,TTGAGTGAATCCAGGTGAGTA,C,9.060809,17.320787,1,0
17@ENSG00000159111@47824009,True,CCGGCTTCGTCCTTAGTTTTC,C,8.330985,17.749357,1,0
6@ENSG00000124733@43012390,True,GTTGTAATGTCCATTTCCATC,C,11.809634,19.619566,1,0
6@ENSG00000196230@30725198,True,GTGGTGTATACTGCCACATCA,C,8.56118,16.225965,1,0
15@ENSG00000131871@101274483,True,GGAAGACAGTCCTGGGCCTTC,C,8.700298,17.612516,1,0
6@ENSG00000277443@113860971,True,ATGGGTGGGTCAAAAAGGGAT,C,8.914765,17.227785,1,0
14@ENSG00000100823@20455957,True,AGAAAAATGACAAAGAGGCAG,C,7.0845,14.82304,1,0
1@ENSG00000143294@156786816,True,ACTCCGTCGCCCTCTGCTATC,C,8.812837,16.971964,1,0
3@ENSG00000163931@53228084,True,TGCACGAGGCCTTGGCCGCTG,C,8.243296,17.253942,1,0
22@ENSG00000189060@37805559,True,CCGAGAATTCCACGTCCGCCC,C,8.598191,15.903991,1,0
X@ENSG00000089289@70165840,True,TAGAGGAATTCAGAAAAGCAG,C,8.817221,16.310604,1,0
1@ENSG00000031698@109237255,True,TGGAGTTTGTCCATATGCTCA,C,8.939923,17.349289,1,0
22@ENSG00000184076@29769860,True,AACGGCTTTACTTACAAAACA,C,8.735664,16.799646,1,0
14@ENSG00000165782@20457990,True,TCCTGTATTTCCCTTAATTCC,C,8.312643,18.114813,1,0
7@ENSG00000170027@76327392,True,GATACTGTCTCTCCAGTGAAA,C,9.2694435,16.172567,1,0
9@ENSG00000136930@124415384,True,TTGGAGGCTTCTCTTTTGATA,C,6.84042,16.785028,1,0
19@ENSG00000105472@50725588,True,CTCCCCGACCCCCAGTCTGGG,C,9.542783,15.869033,1,0
17@ENSG00000175826@7251286,True,ATGATGCGGACGCAGTGTCTG,C,6.945834,15.138822,1,0
10@ENSG00000148719@72341021,True,CCCTGAAGACCTCTTCAACAT,C,7.934932,16.180017,1,0
17@ENSG00000262814@81704637,True,CTGCAGAAAACGTTGAAGATC,C,7.351948,14.857294,1,0
11@ENSG00000172269@119101502,True,AACCAGCCGACAGCAGATGTG,C,10.155872,15.990248,1,0
3@ENSG00000069849@141876885,True,CCGGAGAATTCCTGGGGCGCA,C,8.6299925,16.54297,1,0
16@ENSG00000205937@2253868,True,GAAAGCAAACCCTTGACTCTG,C,9.713599,18.129194,1,0
6@ENSG00000054598@1611533,True,CTCTACAGCTCCCCCTGCAGC,C,12.492919,16.17148,1,0
13@ENSG00000198176@113636673,True,AAGTCTGGTCCCCAAGGCTCT,C,8.168016,16.497839,1,0
6@ENSG00000112378@138091977,True,GAAACTGTTTCTCCAGGCGAC,C,9.19819,16.229973,1,0
19@ENSG00000130522@18280501,True,AGCAGAAAGTCCTCAGCCACG,C,9.332826,17.341433,1,0
3@ENSG00000114491@124743937,True,GCCAACAGTACAATAGCCCAC,C,8.630183,16.861961,1,0
19@ENSG00000105723@42234412,True,TACATCTGTTCTCGCTACTAC,C,8.562954,17.322325,1,0
15@ENSG00000138629@74448572,True,TCACCAATGTCCTCTGGTGTC,C,9.373212,17.410313,1,0
20@ENSG00000131043@36256136,True,AACAAGAAACCCTGGATTGCC,C,9.897121,18.65882,1,0
17@ENSG00000161547@76736309,True,AAGTCCAAGTCCTCGTCGGTC,C,9.016073,17.296738,1,0
16@ENSG00000141076@69167108,True,ACTCTACAATCCATTTCCTCC,C,11.901238,17.434662,1,0
19@ENSG00000128626@38932745,True,GAACATGAACCTTCCGCTCCT,C,8.983146,15.408972,1,0
1@ENSG00000160679@153642392,True,GGGGACGTGCCACCAGAACCC,C,8.455749,15.888366,1,0
17@ENSG00000132507@7311378,True,GGGTACCTATCACTGCTCCAG,C,7.2626166,16.112282,1,0
17@ENSG00000264772@7574262,True,ACCAACAGATCCAGAGACAAT,C,8.788399,17.362053,1,0
1@ENSG00000160803@156044120,True,CCCTGGAGCCCCTCGCCCCCC,C,9.090251,15.358346,1,0
9@ENSG00000107175@35736748,True,TGTGGGGGGTCTCAGCAGGAG,C,8.697744,15.789646,1,0
6@ENSG00000001036@143511615,True,CAGGAGCTCCCCAGGCTCGCG,C,10.984683,15.584335,1,0
11@ENSG00000162298@65127622,True,ATCCCAGCGCCCAAGGAAGGC,C,8.514825,16.538008,1,0
2@ENSG00000135916@230878151,True,TTCTTTCCGGCTGCTCTCTGG,C,9.517898,15.50481,1,0
9@ENSG00000122705@36211738,True,TGCGCTCAGTCCTCATCTCCC,C,8.522292,17.55031,1,0
6@ENSG00000112514@33417525,True,TCTCTGCAGCCTTTGTTACTT,C,7.702732,16.456442,1,0
14@ENSG00000182512@95544110,True,AAAAGAAAGACCAAGACTCCA,C,9.740271,18.38585,1,0
7@ENSG00000033050@151213974,True,AGGACAGGACCCTGGGGCTAC,C,8.678075,17.62767,1,0
11@ENSG00000133316@62833661,True,TATCTCAAGTCTCAATTGAAC,C,8.512199,16.792686,1,0
8@ENSG00000213563@144527306,True,CCGCGGGCGCCTCTCGCCCCG,C,8.130501,16.282423,1,0
1@ENSG00000198700@201876742,True,GCAATTTGATCTTCCTTTTTT,C,6.380217,17.5424,1,0
16@ENSG00000103152@85632,True,CCCCTGGAGCCCAGTGAGCCG,C,9.881455,15.040386,1,0
1@ENSG00000185090@37800539,True,GCCACCCAGTCACCACCCTTG,C,9.208831,15.785314,1,0
1@ENSG00000188290@999113,True,TGCCCGCCGCCCCCAGGGCGG,C,9.343067,16.04217,1,0
16@ENSG00000131165@89645679,True,TCCCTGAGGCCTCTCCGCACC,C,8.216308,16.955938,1,0
19@ENSG00000130726@58548506,True,GGCAGAGCGTCCTGGCACTAA,C,8.704225,17.563532,1,0
21@ENSG00000173638@45515110,True,GTGGAAAAGCCATCTCAGGTT,C,8.212038,16.568298,1,0
17@ENSG00000068120@42565532,True,AGAACCTGGTCCATGAGGTGT,C,8.951029,17.70222,1,0
3@ENSG00000168268@52528209,True,GGAGTTTGACCAAGCACATCT,C,9.393738,17.37803,1,0
1@ENSG00000162430@25817243,True,GAGACGGAGTCTTGCTCTGTC,C,6.381278,17.266886,1,0
16@ENSG00000070761@58116925,True,TCAAAAGAATCACTGATAATG,C,9.148501,18.741985,1,0
X@ENSG00000179222@51898323,True,GGGACTGCGTCCTGGGTATGA,C,8.751477,17.537077,1,0
1@ENSG00000143183@165768788,True,GAGCGCTTTCCCCCTGGCGGG,C,11.00386,16.307243,1,0
7@ENSG00000160917@99450341,True,CAAGGACTGTCCTTGGTATGA,C,8.064063,17.689966,1,0
8@ENSG00000183779@37698607,True,ACAGCCGGACCCTACTATTCG,C,8.800051,16.969833,1,0
19@ENSG00000172009@2813321,True,CTCCCGCCGCCCTGGTGCCTT,C,8.1828375,16.969341,1,0
4@ENSG00000138796@108014499,True,CCTCCGTTGTCCACAGCACAG,C,10.108587,16.633259,1,0
16@ENSG00000181625@29454908,True,CGGGGCCTGGCGGACCAGCGG,C,11.404397,16.031744,1,0
19@ENSG00000105220@34393735,True,CAGGTTTTGACAACTTCGAGC,C,10.042755,16.051035,1,0
7@ENSG00000159840@143382853,True,AGTTCCAAGTCCAGTACCAAG,C,8.629728,17.112572,1,0
19@ENSG00000105723@42234571,True,ACACTGCTGTCCTCAAGCTCT,C,13.017909,17.61803,1,0
22@ENSG00000100219@28796057,True,ATTGACTCTTCAGATTCAGAG,C,9.005134,16.242338,1,0
2@ENSG00000169564@70088220,True,CCGAGTGTGTCAAGCAGATTT,C,8.956493,17.235182,1,0
12@ENSG00000182199@57234441,True,GAAAGCCTTTCTATTTTTTGG,C,6.8490496,16.833218,1,0
20@ENSG00000101365@2660483,True,GGGGCAAGGTCACTGCTGTCC,C,7.430483,17.159662,1,0
7@ENSG00000106009@2538078,True,ACGAGGCCGACTGCTACTGAG,C,9.697617,16.75513,1,0
17@ENSG00000108561@5433680,True,CTGTCATTATCCAGAGGATGA,C,9.013707,17.673716,1,0
1@ENSG00000116237@6234953,True,AGCTTGTTTCCTGGGGTTTGT,C,8.802683,16.103428,1,0
5@ENSG00000131508@139623406,True,TGATCCCAATCCAGATGATCC,C,8.94049,17.653881,1,0
1@ENSG00000162384@53218876,True,GGCAGTACATCCGGCTGATGG,C,9.63184,17.821857,1,0
19@ENSG00000198816@7520362,True,GGGCGAGCGTCCCTATCGCTG,C,8.793582,15.923791,1,0
19@ENSG00000099783@8485644,True,GAGGATGGGTCCTGGCATTGA,C,11.63919,18.470871,1,0
19@ENSG00000128626@38932822,True,GGATTCAAGTCCTGGCTCCGC,C,8.417719,17.666294,1,0
16@ENSG00000065427@75627860,True,ACTCAGGCGTCTTTGCATTTC,C,8.421767,17.153938,1,0
20@ENSG00000125970@34079994,True,GATGCCACCCCCCAGCGGGTA,C,9.829106,16.296263,1,0
1@ENSG00000158710@159918459,True,AGCTCTGTGTCCTCCGTTCAT,C,8.343676,17.581343,1,0
12@ENSG00000139546@53505798,True,GCTGCCGTGTCCTCAGTGAGC,C,10.153109,16.323376,1,0
4@ENSG00000152795@82425568,True,AAAACGCTGTCCTGTGGTATG,C,9.21231,17.5488,1,0
1@ENSG00000158828@20649018,True,GTCCTGGCCCCAGGGCAGTGA,C,8.831291,15.815959,1,0
16@ENSG00000166851@23680089,True,CACAGTCTCTCCTGGAGCTGC,C,8.263966,17.623497,1,0
22@ENSG00000196419@41653684,True,TCAGGTGACTCCTCCAGGTAT,C,9.2032795,16.760359,1,0
3@ENSG00000068001@50318475,True,GTCAATGTGTCCTGGGCCACC,C,8.568022,17.666916,1,0
X@ENSG00000184216@154011319,True,TCGCTGGAGCCCAGTAGGTCA,C,9.875049,15.142836,1,0
12@ENSG00000073060@124863829,True,CACCGTGCCTCTGCGGCCTGC,C,8.9737425,15.646911,1,0
19@ENSG00000160113@17235939,True,CAGCCGGTGTCCGAACTGATC,C,10.184073,16.301167,1,0
5@ENSG00000113407@33461959,True,GTGCAACCATCCAGCTGGATT,C,10.441773,17.347183,1,0
22@ENSG00000099917@20587298,True,TCACGGCATTCCTGCTGAGCA,C,9.232815,17.069763,1,0
19@ENSG00000105281@46788018,True,GGGAAGGAGCCCAAGCGCTCC,C,9.021609,16.250383,1,0
5@ENSG00000176087@140567832,True,CACTTCAGAACCTCTTCCTCT,C,10.403794,17.72431,1,0
19@ENSG00000126247@36142702,True,GTGAGGAGGTCCGGCAGTTCC,C,10.778552,16.745422,1,0
2@ENSG00000032389@3189431,True,GTGGACTGGTCCTCGGCTGAC,C,11.657739,18.182947,1,0
X@ENSG00000101843@108087819,True,CGGGGCTAATCCAGATGCTAA,C,9.029428,17.369196,1,0
1@ENSG00000242125@28509334,True,TTCCGCCTCCCAGGTTCAGGC,C,9.397901,15.670135,1,0
22@ENSG00000182858@49903822,True,ACCAGGCAGCCCTCAGCAGCC,C,9.538138,17.18807,1,0
5@ENSG00000113328@163439451,True,TAACTCAGTTCTTTGGCTTTG,C,8.478835,18.043583,1,0
1@ENSG00000054116@36136846,True,ATCCCTGGGCCTTTAGAAAGC,C,8.449273,16.539791,1,0
16@ENSG00000171490@11838063,True,GTCCTAATCCCAGCACACCTC,C,11.629992,15.567964,1,0
1@ENSG00000163399@116390380,True,ACAATCAAATCCATGAAGCTG,C,9.294427,17.895262,1,0
19@ENSG00000130522@18280706,True,CCGTTGTCGCCCATCGACATG,C,8.082352,16.385654,1,0
3@ENSG00000068001@50318474,True,TCAATGTGTCCTGGGCCACCC,C,8.93025,15.78801,1,0
18@ENSG00000176890@672944,True,TGAAGACTTTCAGATTGAAGG,C,8.647959,16.308344,1,0
9@ENSG00000044574@125241085,True,TGCTGCTCAGCGCGGCGCGGG,C,9.348351,16.621098,1,0
7@ENSG00000164889@151074683,True,AGAAGCTGAGCGTTCCCAGTG,C,10.092836,17.781132,1,0
14@ENSG00000087302@52004214,True,TTGCTTTAGACAAACATATTC,C,10.309222,16.229948,1,0
17@ENSG00000262814@81704337,True,TGGATAACGCCCCCAAGGAGT,C,9.202089,17.998,1,0
7@ENSG00000146540@1010014,True,GGAGGCAGGCCTTGTGGCCCA,C,8.641239,17.168322,1,0
22@ENSG00000100243@42627648,True,CCAACCCTATCATCAGGACAG,C,9.681398,16.275463,1,0
13@ENSG00000139514@29510034,True,AAGATGCACTCAGACTGTTAA,C,9.306046,17.160501,1,0
1@ENSG00000188976@951140,True,CCGGTGCTGCCTTTCATCCTG,C,7.9804783,16.444452,1,0
17@ENSG00000141030@17246950,True,TGTGTGCTTTCAGAAAACCAT,C,8.767183,15.756254,1,0
21@ENSG00000142192@26021886,True,CCAGCATTGCCACCACCACCA,C,8.916719,15.90797,1,0
3@ENSG00000175166@184303018,True,ATCATGGAGCCCAAGGTGCCT,C,9.845077,14.996044,1,0
8@ENSG00000104679@23295971,True,TTCTAGAACTCCTGCGTCTGG,C,8.724532,17.84937,1,0
16@ENSG00000206053@1700426,True,CTCTGAGTGCCTACAAAGCTA,C,8.949093,15.655216,1,0
11@ENSG00000182934@126263487,True,GGCACCTCTCCCTAGGATACA,C,7.9727674,16.606045,1,0
19@ENSG00000123136@14409637,True,AGGTGATAATCTTCGTCAAGT,C,8.977064,17.433004,1,0
1@ENSG00000171603@9730353,True,TGTGTAGGACCCTAGGCTCCC,C,8.711017,15.642919,1,0
22@ENSG00000099956@23787120,True,CCGCCCCAGCCCTCCTGATCC,C,9.242267,16.97439,1,0
19@ENSG00000105327@47226719,True,GGAGCAGCACCTGGAGTCGCC,C,9.388881,15.724854,1,0
16@ENSG00000158545@88631544,True,CAGCACGGTTCTCATGTAAAT,C,6.949074,16.96903,1,0
19@ENSG00000105373@47751561,True,TGAGTTTTTCCTGGAGCAGAC,C,8.8532095,15.9648695,1,0
7@ENSG00000106105@30595092,True,GCATGGACGGCGCGGGGGCTG,C,10.422079,16.472168,1,0
16@ENSG00000162062@2464757,True,GATGCCTGTGCTTCCCTGGGA,C,10.755369,16.087435,1,0
7@ENSG00000106066@29086522,True,CCAGATATTTCCTGAATATAA,C,9.573771,17.745333,1,0
8@ENSG00000136997@127736326,True,CTGCGGGCGTCCTGGGAAGGG,C,8.94304,17.457664,1,0
1@ENSG00000186283@179082180,True,GCTGCTGCTCCCGGGCGCGCC,C,9.090322,16.018595,1,0
11@ENSG00000110108@60923125,True,CCCCGGCAGCCCGGGAGGAAC,C,9.1566105,15.10976,1,0
15@ENSG00000213614@72355567,True,GTCTGGGGAGCTCTCCGAGGT,C,10.068901,16.837,1,0
1@ENSG00000116871@36180542,True,GGGGAGGGGCCACCTGTAGTA,C,8.24144,15.805989,1,0
2@ENSG00000121152@96366033,True,TATGGGGAGTCAAACTTGGTA,C,9.084966,16.802986,1,0
9@ENSG00000130560@135945186,True,CATAGACACGCCTCTTCCTGG,C,10.714551,18.672153,1,0
1@ENSG00000009307@114717796,True,ATTATATACTCTACCTTCATT,C,6.576758,17.599207,1,0
17@ENSG00000108312@44207496,True,GCGGCGACTCCTCTGAGTCCA,C,7.988132,16.325504,1,0
19@ENSG00000213024@49909655,True,TCCAACCAGCCACAAGTACCC,C,9.468312,15.765187,1,0
19@ENSG00000171425@55645520,True,GCGCCATCTTCCTGGGGCTTC,C,8.451135,17.680424,1,0
12@ENSG00000111481@54350502,True,AAGAACAGATCAAGTGGTCAC,C,8.53588,17.183819,1,0
7@ENSG00000146834@100433763,True,GTGCTGGAGTCACCATCATCT,C,8.804122,15.988581,1,0
9@ENSG00000122140@135501941,True,ATGCCCGAGTCCATCTGGGAC,C,8.959829,17.203138,1,0
8@ENSG00000104267@85473724,True,ATGGCACTTACAGATTGATTC,C,8.406462,16.265331,1,0
22@ENSG00000100401@41249362,True,TCCCCAAGGCCCTTGCACCCC,C,8.158268,16.78169,1,0
17@ENSG00000225663@81823223,True,CCTCCCCGGCCTCCGGAAGAT,C,7.841898,15.813153,1,0
12@ENSG00000089220@118144830,True,CCTGAACTGTCCTGGAGGCCC,C,8.564776,17.433966,1,0
3@ENSG00000214706@50287893,True,TTTCTCAGGCCTTGCTCCCCC,C,7.808667,17.252869,1,0
17@ENSG00000141349@44075682,True,CCCCACAGGTCCATCAGCCTA,C,8.615002,16.988333,1,0
11@ENSG00000185475@62787485,True,CTGCCGCCTTCCTGTGCGGGG,C,8.98593,17.319891,1,0
5@ENSG00000131188@177456152,True,GCCCCACCGGCGGACTCCTGG,C,9.590035,15.638009,1,0
12@ENSG00000004478@2801140,True,ACAGCAACAACGAGAAGGGCC,C,9.345745,16.241896,1,0
8@ENSG00000104267@85465457,True,TGATGACTCTCAGGACAAAGC,C,8.864043,16.245726,1,0
19@ENSG00000172270@583294,True,ACTCCCAAGCCCCCTCCTTGT,C,8.621079,16.932516,1,0
9@ENSG00000165280@35067980,True,TTTGCATCGTCCTTTCTGATG,C,6.6866374,17.258598,1,0
9@ENSG00000136930@124412454,True,ACAGACATGACAACCCAGCTC,C,12.62804,16.535309,1,0
X@ENSG00000130985@47214408,True,GACCCTCAAACAGTTCCTCGA,C,9.773752,15.261843,1,0
20@ENSG00000088832@1369406,True,CCTCTGAAGCCTTCTTTGTGG,C,8.452587,15.594366,1,0
1@ENSG00000198952@156278998,True,TTGACCTCATCCTTTGCAACA,C,8.955433,17.973661,1,0
X@ENSG00000165175@38805233,True,CTTCTCAAGTCCATCCGCAAC,C,8.701397,17.002148,1,0
19@ENSG00000182087@1010833,True,AGGTCCGCATCCAGGAGATGC,C,8.894326,17.65313,1,0
16@ENSG00000167513@88806560,True,CGCGCTTCAACGTGGATGAAG,C,8.7845955,15.8975,1,0
19@ENSG00000172270@581584,True,CCGAGGACGTCCTGGATGGTG,C,9.069539,17.425299,1,0
8@ENSG00000147804@144412857,True,CTTCGCTGGTCTCTACGTGGC,C,6.8317404,16.411581,1,0
8@ENSG00000136997@127738918,True,TTCTCTCCGTCCTCGGATTCT,C,8.53099,17.554081,1,0
11@ENSG00000132254@6479244,True,TGGCCGCCATCCATCTCACAG,C,8.969611,15.730274,1,0
1@ENSG00000143549@154157463,True,CTGCCTCTTCCCGGAGAATCC,C,9.181403,14.79504,1,0
19@ENSG00000130159@11506337,True,AGGAGACCAACCCAACCCTGG,C,9.424119,17.45019,1,0
22@ENSG00000100353@36526095,True,CACCCGTGATCCAGGACAACC,C,9.037206,17.77765,1,0
12@ENSG00000170515@56113804,True,ATTTCAGTACCTCTGGCATGC,C,8.347125,16.41511,1,0
5@ENSG00000198055@177440744,True,TTGAACAGTTCTCTACGGTCA,C,6.902643,16.413712,1,0
20@ENSG00000125520@63743288,True,GCCTGTCGGCCCGTAGATTTA,C,12.745845,18.793375,1,0
19@ENSG00000130724@58552289,True,TGAAGGGTGTCACCAAGGCCA,C,8.756656,16.641953,1,0
22@ENSG00000100162@41938869,True,GCCCAGCTGGCGAGACTGTAG,C,11.023207,15.651098,1,0
22@ENSG00000100201@38484731,True,AAGCCTAAGTCCTTTTCACTT,C,8.966086,17.186142,1,0
1@ENSG00000134684@32806582,True,TACAGACTCTCCTCCGTGGTC,C,9.889546,16.500505,1,0
16@ENSG00000161999@682515,True,TCCCCTGGACCAGGACGCCAG,C,8.90889,16.113333,1,0
3@ENSG00000168036@41234168,True,GAAATCTTGCCCTTTGTCCCG,C,8.994145,16.659046,1,0
16@ENSG00000167513@88808459,True,GGCGGTGGGCCCCTTCATGGG,C,12.684652,18.834618,1,0
3@ENSG00000241553@9806888,True,CATTGGGTGCCCTCCCAGTTG,C,10.924473,16.21179,1,0
X@ENSG00000130826@154777390,True,AGTTTTCCATCTTGTTCTGGC,C,6.869979,17.855692,1,0
1@ENSG00000081692@227731747,True,GAATCCTCACCTGGGCCTGAG,C,9.399111,15.705624,1,0
10@ENSG00000065154@124397705,True,TTTTGATGTGCATGTGTACTT,C,11.186214,18.62314,1,0
8@ENSG00000175606@73981230,True,CAAAATAATGCTATTTCTGAA,C,9.64915,18.998896,1,0
19@ENSG00000130725@58556356,True,CCAGTCCTTACGATAAACTCC,C,9.32765,17.023315,1,0
22@ENSG00000241360@37665754,True,TGCTCACGCTCACAGGAGTCT,C,8.636071,16.93313,1,0
21@ENSG00000274559@5973049,True,CCAGGGAGATCCAGACGGCCG,C,9.745072,17.343225,1,0
10@ENSG00000169813@43396497,True,GCCAGCCGCGCTTGCCTGGTA,C,10.775315,16.31307,1,0
6@ENSG00000054598@1613365,True,TATAATTCTCCCCCATTTACA,C,7.6458488,17.841854,1,0
1@ENSG00000143621@153670191,True,GCTTTGGTTCCAGAGGAGGCC,C,8.954267,14.9987755,1,0
16@ENSG00000141101@69744879,True,ACCCCCGCGGCCTCCGGGTGA,C,10.076413,16.580269,1,0
1@ENSG00000090621@39564740,True,TACACCTAACCAGTTAGCACA,C,9.48296,15.28978,1,0
19@ENSG00000105197@39488168,True,GGCCCTGGGACGGCAACTCTG,C,9.046149,15.455576,1,0
19@ENSG00000167468@1106746,True,GCCCCCACCCCTGGCTACCTT,C,9.120211,15.587832,1,0
X@ENSG00000203950@135051181,True,CCCCAGAGACCTCTTGTGTTC,C,7.917239,16.0561,1,0
19@ENSG00000133243@1985828,True,CCGTTCTCATCCACCTGATGG,C,8.953336,17.770098,1,0
7@ENSG00000071462@73697877,True,AGCGCAAGCCCCGCTTCTAAG,C,9.311735,15.897761,1,0
22@ENSG00000100412@41523916,True,AACCCCGAGACCCATGCCTTT,C,8.284757,16.637897,1,0
19@ENSG00000133243@1985893,True,AGTGTGGGGACGGCCCCTGCC,C,9.044214,16.094454,1,0
16@ENSG00000103549@30767953,True,CAACCACCAGCTAAAAGGGGA,C,9.4234085,16.231907,1,0
11@ENSG00000149136@57335159,True,CTTGTGCAGCCTGGGGCTCTG,C,8.459787,15.215658,1,0
1@ENSG00000126088@45013754,True,CAACGACTGGCTGGACGTGTG,C,10.171007,15.912992,1,0
X@ENSG00000178605@316964,True,TCCACCAAAACGCCGGACAGG,C,6.833128,15.679674,1,0
10@ENSG00000138107@102485640,True,TGTGCCCGCTCTTTTCATCTC,C,7.955322,17.343971,1,0
9@ENSG00000165716@136723504,True,ACTGCACCTACGGGCGCGACT,C,9.255205,16.0868,1,0
22@ENSG00000189060@37806660,True,ACCGGGCTGACTTCCACCTCC,C,9.302383,16.697512,1,0
21@ENSG00000160200@43068573,True,TGAAGAAAATCGGGGACACCC,C,8.915774,17.667238,1,0
6@ENSG00000204525@31269125,True,TTCTTCACACCTCTCCTTTGT,C,10.002027,16.712372,1,0
14@ENSG00000100591@77468099,True,CAGGCCTTTACCCATGCTCCT,C,6.9908414,16.412292,1,0
2@ENSG00000138085@27213223,True,TCAAAAGTGGCCTTTTATTGT,C,10.921558,19.412634,1,0
17@ENSG00000213977@3663650,True,CCGCTGGGCCCCAGCTCAGAA,C,9.215124,16.746168,1,0
8@ENSG00000104529@143580681,True,AAGAAGCCAGCCACACCAGCA,C,9.931137,17.922234,1,0
X@ENSG00000102119@154381096,True,CCAGGATCGCCAGGTCCCGCT,C,8.887964,15.952257,1,0
22@ENSG00000250479@23766265,True,GCCCCCACCCCCGCTGCCCCC,C,9.283102,15.627966,1,0
7@ENSG00000241685@99359708,True,CGCAACACGGCCTTGGAGACG,C,11.36788,16.840618,1,0
6@ENSG00000182952@26538427,True,GCTGGCCCTGCCCACGCCTAG,C,9.2328,16.032322,1,0
1@ENSG00000143799@226379156,True,TTCTGGAGGACGACAAGGAAA,C,7.8314,14.938899,1,0
1@ENSG00000143368@149926483,True,GCTCAGAACCCGCTCTCCCAG,C,9.579487,15.173684,1,0
8@ENSG00000130193@142736814,True,GCAGCACTGCCCGATAGAACA,C,9.049077,16.337355,1,0
10@ENSG00000155229@97462593,True,TACAACCCACCTGAGCCCTGA,C,9.565631,15.491319,1,0
17@ENSG00000167862@75020370,True,ATCGCGGAGCCCGTGCGGCAG,C,8.918657,15.515972,1,0
9@ENSG00000165716@136723203,True,TGGCACGCGGCCGCCCTTCCA,C,10.442084,16.582056,1,0
2@ENSG00000173272@131484009,True,CTACATGTTACCTCCTTCAGT,C,11.222761,19.084757,1,0
16@ENSG00000167965@2206561,True,TCAGCTACGACGGCGTCAACA,C,9.041582,16.18504,1,0
2@ENSG00000158019@28025262,True,TCCTGAATGTCTCTTACTTGT,C,8.24125,17.97415,1,0
16@ENSG00000103257@87831067,True,CTGCCTGGTGCATTGCTGTGT,C,11.206889,19.41462,1,0
X@ENSG00000169188@55007073,True,CTACTTTCAGCCCTCCCCTAG,C,11.278913,16.22307,1,0
1@ENSG00000079739@63659596,True,GTCATGTTGGCCCCCCTTATT,C,11.859381,15.795199,1,0
X@ENSG00000184216@154019202,True,ACCTTCCTCTCCCCAGGTAAG,C,9.698652,16.69006,1,0
21@ENSG00000160194@42908990,True,ATGCCTCAGCCCTCCTCAGGC,C,9.002679,17.187925,1,0
1@ENSG00000163191@152033740,True,TGCTGTCTTCCAGAAGTATGC,C,9.29359,15.7721195,1,0
20@ENSG00000101255@396512,True,CGTCGGGAGCCAGCTGAACGG,C,9.914116,15.056757,1,0
12@ENSG00000110917@120699355,True,GTTTTTAGATCCCACTGAGCC,C,10.938017,18.09728,1,0
10@ENSG00000197746@71834427,True,AAGACGGCGTCCGACTGCGGG,C,9.227981,17.01321,1,0
2@ENSG00000076003@135840773,True,GGCCTGGAGCCTGGCTGGAGC,C,9.01486,15.227982,1,0
17@ENSG00000170689@48622563,True,TCACTTCCAGCTTGCCTGTTT,C,9.914141,16.636873,1,0
7@ENSG00000122687@2235393,True,GACATGGCGCCCAATGCCACA,C,8.587065,16.355478,1,0
15@ENSG00000179151@74635494,True,TTTTCCTGCCCAATTTTGTCA,C,9.545983,15.581901,1,0
4@ENSG00000118816@77048315,True,AAGATAATGTCTCAGAAAATG,C,6.913914,17.361012,1,0
19@ENSG00000179115@12928583,True,CACCTTCACCCGCTGCTCAAG,C,9.292178,15.065613,1,0
16@ENSG00000033011@5077930,True,TACGACAAGCCCGCATCTTTC,C,8.49119,17.373486,1,0
8@ENSG00000164683@79764098,True,ATTCTTTTAGCAGGTGTAGTT,C,11.302088,18.541883,1,0
19@ENSG00000105063@55230442,True,ACGATGGCCCCCATTGCCCTC,C,8.517362,16.337599,1,0
15@ENSG00000140497@74873233,True,GACACCAACCCCTTCGCGGAC,C,9.724766,15.306159,1,0
5@ENSG00000113712@149551083,True,TAAAGGCCTCCGTGTTCCGTT,C,9.309106,16.963854,1,0
6@ENSG00000182952@26545855,True,ACTTGACTTCCTTAAACCGAG,C,9.197902,17.03694,1,0
17@ENSG00000108561@5438965,True,GCCGGCACCCCGGCTGTGCAC,C,9.348144,15.476907,1,0
3@ENSG00000114650@47420617,True,ACCTGCGGCTCCCCAAGAGGC,C,9.987908,16.86411,1,0
X@ENSG00000102317@48575278,True,GGACCTATCTCTGAGGGTGAG,C,9.153013,15.989123,1,0
22@ENSG00000100083@37632618,True,TTCGCCTCCGCTACAAGCTCA,C,9.773982,16.727219,1,0
11@ENSG00000172531@67401167,True,GAATGTACAGCTGACAGAGAA,C,9.548615,17.672503,1,0
1@ENSG00000107404@1338550,True,GCATGTGGCTCAAGATCACCA,C,8.96314,16.410734,1,0
12@ENSG00000013583@13000126,True,TCGGGAGCGTCTCGGCTACAA,C,8.178524,16.009176,1,0
14@ENSG00000092036@22946481,True,TAGCTGCTGCCTCCTAATCTT,C,7.5198483,16.547445,1,0
9@ENSG00000136810@110244833,True,GATGTTGCTTCAGAGTGTGAA,C,9.108671,16.459679,1,0
9@ENSG00000119414@125171116,True,GTATCAACACCAGTAACAGTG,C,9.408237,16.008202,1,0
1@ENSG00000078369@1785542,True,CTTCTCCATCCTGTTTTCTGC,C,8.84932,15.449662,1,0
1@ENSG00000197747@151983249,True,AGTGGGCTTCCAGAGCTTCTT,C,8.773913,15.73239,1,0
KI270734.1@ENSG00000278817@137092,True,GAGGAGAGACCAGGTGGACCC,C,8.592162,15.857395,1,0
22@ENSG00000100219@28800481,True,GACGGGACCCCTAAAGTTCTG,C,9.269338,15.702558,1,0
19@ENSG00000171425@55645033,True,CTCGCCGCTTCCGGGATGCGG,C,8.794186,15.715261,1,0
10@ENSG00000059573@95633014,True,GCCTGGCTGCCCGACTGGCTG,C,10.260269,16.215351,1,0
11@ENSG00000110711@67490966,True,AGGACAAAGCCCGGTTCCGGG,C,9.202311,17.149565,1,0
10@ENSG00000165655@75398536,True,CCTCCCCACCCAAACTTTATA,C,9.830779,15.432108,1,0
14@ENSG00000100836@23325901,True,CTCCCAGCGGCTCCAGTGTAA,C,9.78131,16.391,1,0
2@ENSG00000138363@215349565,True,CGGCTCCCTCCGGTTCTGCTG,C,8.876663,15.237129,1,0
11@ENSG00000134910@125604215,True,GGATATATCTCCCGATCTGTG,C,9.024912,16.0533,1,0
16@ENSG00000171490@11837842,True,GTGAGAAAAGCTTCCCACACC,C,8.604274,18.397652,1,0
19@ENSG00000130175@11437922,True,CCAACACTGGCTATAAGCCCC,C,9.769465,16.721043,1,0
7@ENSG00000128534@118184202,True,CTGCGTTACCCGGAACCGCCG,C,9.333068,15.165434,1,0
19@ENSG00000141873@2733210,True,TGCAGGGCCTCTCGCGCGCCA,C,8.751433,16.669561,1,0
21@ENSG00000183255@44851181,True,ACAGGGAAGTCGGTTTGACTT,C,8.836296,16.73103,1,0
5@ENSG00000145901@151030074,True,GCTGCCAGGCCCTGAGGTTCA,C,8.797615,17.41112,1,0
7@ENSG00000170265@149224826,True,GAATGGACGCCCAGCTCATCT,C,8.570614,16.906694,1,0
15@ENSG00000166173@70853963,True,AGACTCGGGGCGCCGGGGACC,C,11.96337,17.294027,1,0
22@ENSG00000184117@29555889,True,TCAGGCAACCCCGACAGACAG,C,8.913378,15.780317,1,0
X@ENSG00000179222@51894346,True,TCCTCGGCTTCCAGGTGAGAT,C,9.042676,17.304636,1,0
16@ENSG00000102882@30114293,True,TCCTTAGTCTCAAGGGCTAGC,C,8.891972,16.10697,1,0
17@ENSG00000089685@78214694,True,CCGAGGCTGGCTTCATCCACT,C,9.287637,16.673077,1,0
11@ENSG00000177951@204206,True,GAGGTCCTCGCCCCCTTGTCT,C,10.258453,16.567236,1,0
3@ENSG00000144867@133816896,True,ATGGCAAAATCAGCAAAGTTA,C,8.722472,16.533602,1,0
1@ENSG00000185090@37800081,True,GAAGGCCATTCCCAAGAAGAC,C,9.138853,16.341948,1,0
21@ENSG00000205581@39343075,True,GTCCCTGTCTCCCTTCTTGTA,C,8.788423,16.104258,1,0
3@ENSG00000163933@53123809,True,CACCCTCTTCCTGGCCAGAGA,C,9.207124,14.880015,1,0
17@ENSG00000277957@7577644,True,CATCAACACCCGGAGGAAGGT,C,9.460472,14.918692,1,0
19@ENSG00000065000@2102013,True,TCATTTGTTGCGTTGAATTAT,C,8.365824,18.185614,1,0
12@ENSG00000089248@112022781,True,ATTCTGAGCCCTGAGTATGCC,C,8.956782,15.028587,1,0
X@ENSG00000156709@130156483,True,GTGGGCTTATCAACAGTAGGA,C,8.639612,16.316689,1,0
5@ENSG00000176087@140566891,True,TGCCTCCCTTCCTGCAGATTG,C,8.503137,17.792894,1,0
19@ENSG00000105568@52201973,True,AGAAGCTGTCCACCATCGCCT,C,8.765274,16.445482,1,0
20@ENSG00000101473@45844343,True,GAGATCAAGCCAGTAAACCCA,C,9.010033,16.28245,1,0
15@ENSG00000223572@43694017,True,TGCGCCAGCGCCTACTCCAGG,C,8.900823,17.15481,1,0
2@ENSG00000184182@238025380,True,TCTGGCACCCCAACATCACAG,C,9.069729,16.270433,1,0
8@ENSG00000136997@127740672,True,TGCACCAGCCCCAGGTCCTCG,C,8.790425,17.267527,1,0
7@ENSG00000166508@100095950,True,CCAAGGCCGGCATTCTCACCA,C,9.105746,16.74742,1,0
14@ENSG00000184887@105250198,True,TTCCCCTGACCAAGAGGAAGG,C,9.029163,16.432913,1,0
2@ENSG00000144043@70986123,True,ACTCTCTCCTCCCGACCCCCA,C,9.287437,16.090796,1,0
X@ENSG00000089289@70166115,True,GCTTTGCATTCAGTAAAGTGT,C,8.665104,15.729235,1,0
15@ENSG00000181991@88467771,True,GGACTTGGCCCCAGACAGCCG,C,9.268504,15.050846,1,0
11@ENSG00000133315@64165861,True,TGCGGTCCCCCGGCGTTCCTG,C,9.263215,15.607086,1,0
15@ENSG00000166710@44715513,True,TTTCATCCATCCGACATTGAA,C,9.722174,16.098452,1,0
X@ENSG00000184216@154019287,True,CACCACTGCCCCGAGGCCCAG,C,9.37827,15.063612,1,0
17@ENSG00000178999@8206814,True,GAGTATGCCCCCCGCGGGGAG,C,9.086346,15.413276,1,0
6@ENSG00000120265@149749925,True,CCGGCGGCGCCAGCCACTCGG,C,8.968167,15.591312,1,0
19@ENSG00000170889@54201214,True,GGGTTTGTCGCAAAACTTATG,C,9.519455,15.509643,1,0
19@ENSG00000104915@13144629,True,ACACCCAGTCCCGCATGGACG,C,8.999319,16.913614,1,0
16@ENSG00000127554@1984841,True,GCCTACTACCCCGACCTGCCC,C,9.632374,15.125429,1,0
11@ENSG00000174744@66337637,True,GTCTCCATCCCTGAGCCGCCT,C,9.451715,15.237911,1,0
11@ENSG00000177105@3827764,True,AGCCTGACACCCTACGGCGCC,C,9.060586,16.841673,1,0
19@ENSG00000130816@10136166,True,AGTGGGACGGCTTCTTCAGCA,C,8.748868,17.065226,1,0
19@ENSG00000179218@12939219,True,TCTACGGTGACGAGGAGAAAG,C,7.7851014,14.786507,1,0
3@ENSG00000114631@127672668,True,CTCACTCCCGCCCGAGGGGCA,C,11.436298,17.131569,1,0
6@ENSG00000092820@158766785,True,AGCAGTTACCCAACAGAAACA,C,8.916698,16.730501,1,0
5@ENSG00000176087@140568429,True,ATACCTAGGCCTGAGAAATAA,C,8.87765,16.54259,1,0
8@ENSG00000070756@100709461,True,AGCTATCCCACAGGTAGGTTT,C,9.061481,16.497686,1,0
19@ENSG00000179115@12930520,True,CAGCGACTGCCCAGTGGCAAA,C,7.49029,16.552216,1,0
9@ENSG00000147955@34635529,True,ATACACCATGCAGATCCTGAG,C,9.391089,15.296304,1,0
9@ENSG00000130717@131524266,True,TCCACGCAGTCCTGCCTGGGG,C,9.2019825,17.351221,1,0
2@ENSG00000132323@238170645,True,GAAGGGAAGTCCGCAGCCGAC,C,9.148892,16.247074,1,0
6@ENSG00000124588@3010149,True,ATTTGTATGCCATGAACCTTG,C,9.078988,17.186811,1,0
3@ENSG00000170266@32997080,True,CCCACCCCCGCAAAAAAACAA,C,9.867432,15.83316,1,0
19@ENSG00000126934@4094456,True,TGAAGATGCTCACAGTGAGTG,C,8.612562,16.290794,1,0
16@ENSG00000090861@70268340,True,CTGTCCGATACGCCCATGAAA,C,7.5688124,15.114574,1,0
20@ENSG00000101057@43716321,True,CTGCCTGGTTCCCTCCCCAAG,C,11.004612,16.175,1,0
X@ENSG00000102226@47242179,True,CTGGTGTGCCCCGATTGTGGC,C,8.907696,15.019002,1,0
19@ENSG00000198816@7519744,True,CGGGCTGAGCCAGCATCGCCG,C,8.937445,15.597726,1,0
7@ENSG00000164898@139345506,True,TCTAGGTCACCAGTGAAAAGT,C,9.646189,15.828718,1,0
22@ENSG00000184076@29767470,True,TCGCCCTCACCATCATCGTGG,C,9.055998,16.432337,1,0
16@ENSG00000103495@29807012,True,CCCCAGGCCCCGGCGGCCGAG,C,9.326237,15.143308,1,0
1@ENSG00000004455@33010376,True,TTACTGACTCCGGTTCCACAC,C,8.899464,15.62991,1,0
1@ENSG00000158850@161177464,True,GATGCCTGCCCGGCTGTTGGG,C,9.188849,15.018361,1,0
19@ENSG00000105677@35545682,True,GCCGGAGACCCGCTCCCGGAG,C,9.656029,15.235154,1,0
22@ENSG00000182944@29287044,True,CTATGGGCAGCAGCCTCCCAC,C,8.900298,15.595217,1,0
1@ENSG00000158710@159918824,True,TGACTGGCTACGGGATGCCAC,C,8.730391,15.509144,1,0
16@ENSG00000140854@57756884,True,CAAGTCAGGCCTGAGCGGCCG,C,8.569765,15.72977,1,0
11@ENSG00000213593@57739150,True,GAGCACATCACCCCTCACCAA,C,12.35295,17.04279,1,0
X@ENSG00000185222@103358061,True,TTAGCATTTCCTGATATTCCT,C,9.1138,15.728166,1,0
1@ENSG00000162521@32652059,True,CAGATGTAACCAGGTGACATG,C,9.120043,14.881686,1,0
11@ENSG00000110651@2395434,True,GGATGTGAAGCAGTTCTATGA,C,9.263826,15.922918,1,0
1@ENSG00000116288@7984957,True,AGCCGGGGGCCTGGGACCAGC,C,9.045234,15.132621,1,0
10@ENSG00000059573@95626710,True,ACCTTGGAACCTGAGCAGGTA,C,8.872063,15.05377,1,0
16@ENSG00000171490@11837819,True,CAAAAAATGGCCCAAAAAACC,C,11.210743,18.854515,1,0
17@ENSG00000132507@7311098,True,TGGATGTCCCCAACATCAAAA,C,9.102322,16.27917,1,0
16@ENSG00000168488@28834578,True,GCCGCCGCGGCTGCTGGCCCG,C,9.33418,15.797397,1,0
19@ENSG00000179115@12924490,True,GCCTACAACCCATACACAGAG,C,9.717674,15.270519,1,0
9@ENSG00000165802@137449246,True,CAGGTTCCCCCTGTGGGTTCC,C,8.241855,15.148766,1,0
19@ENSG00000167747@50797995,True,TAGCCACACCCTGACACCATG,C,9.236713,15.289902,1,0
9@ENSG00000107341@33917518,True,CAAACTCCCGCCTCACTTCGT,C,10.100949,18.015911,1,0
15@ENSG00000103811@78944971,True,ATGTGGGCCACGCTGCCGCTG,C,8.552671,15.341668,1,0
13@ENSG00000125304@99529490,True,AGAAGGAGACCTGTAAGCTTG,C,9.165404,17.806946,1,0
16@ENSG00000166848@75656961,True,AGGCATAGGCCATTTCAGGCA,C,8.004522,16.513453,1,0
8@ENSG00000136997@127736406,True,CAGCGGTCCGCAACCCTTGCC,C,10.1149845,16.659943,1,0
22@ENSG00000185608@19434814,True,AAAGGAAGATCCGAAAACTGG,C,9.167595,17.65742,1,0
17@ENSG00000167085@49404978,True,CCCACCCTGCCTGCACCTCCG,C,9.334896,15.560081,1,0
MT@ENSG00000198786@13494,True,TACCTTTCCTCACAGGTTTCT,C,8.769795,16.679295,1,0
19@ENSG00000105676@19051982,True,ACAGAATCGGCAAGACCTGGT,C,9.765862,16.896477,1,0
3@ENSG00000168268@52533606,True,CCCACTGCCCCGGCGTCCCGC,C,9.069506,15.467121,1,0
1@ENSG00000117362@150265495,True,GGGAGGTTTTCTATAAACTGT,C,8.648936,17.230997,1,0
5@ENSG00000145919@173616309,True,AACCCGGCCTCGCTGCCTCCC,C,8.893397,15.917483,1,0
11@ENSG00000133318@63681592,True,CTCTCTCCCGCCCCGTATCTC,C,9.445973,17.550056,1,0
3@ENSG00000069849@141876684,True,GTGTTCTCGGCCGTCCCACCC,C,11.467101,15.895606,1,0
17@ENSG00000262814@81704700,True,GCTGTCCCTGCTGCAGCAGCC,C,9.420694,16.084492,1,0
14@ENSG00000196497@24183795,True,GAGGATGACTCAGAGATCTCA,C,9.317984,16.479319,1,0
19@ENSG00000179218@12940572,True,ATCCCTGACCCTGATGCTAAG,C,9.1375065,15.361773,1,0
6@ENSG00000189241@116277694,True,GTCTCGAACCCCGATCTCGTG,C,9.50331,15.186892,1,0
17@ENSG00000166582@16349933,True,TATTTGACTGCAAGTGAGTAT,C,11.871328,19.184448,1,0
1@ENSG00000116459@111456723,True,GGCACTGGTTCAGAAGCGCCA,C,9.247644,15.901156,1,0
19@ENSG00000105438@48391489,True,GTCCCCTCCCCGGAGCGGAGC,C,9.291629,15.310352,1,0
19@ENSG00000105671@18924631,True,AGAAAGAACGCTTTGCCGCCC,C,9.946919,18.672726,1,0
16@ENSG00000170540@18798730,True,TTCCACCTGCCATCATGGGTG,C,9.191568,15.959526,1,0
10@ENSG00000188690@125788806,True,TGGATGGAGCCAGGCATCGGC,C,9.120426,15.3544655,1,0
22@ENSG00000100297@35403328,True,CGAGCACCTGCAGCTGGTGAG,C,9.358674,15.9279375,1,0
11@ENSG00000110108@60922789,True,GTGTCTCTTTCAAGTGCCTTA,C,7.808607,16.58333,1,0
5@ENSG00000071539@900545,True,GAAGTCAAATCCCATGTAAGT,C,8.592336,16.64536,1,0
11@ENSG00000167986@61312046,True,ACCATTGGCACCATCGATGAG,C,12.677193,18.736607,1,0
9@ENSG00000180447@86945985,True,ACGACTACTACGATGAGGACT,C,7.3454227,14.629412,1,0
X@ENSG00000173674@20141648,True,GAGGTCGCCGCCACCGCCATG,C,9.442937,15.970299,1,0
9@ENSG00000165802@137449150,True,TGCTCAGCGGCCAGGCACTGA,C,8.776259,17.511648,1,0
1@ENSG00000132128@46285427,True,ACAGAGGCAGCCCTGACACTA,C,9.92821,18.413752,1,0
22@ENSG00000100129@37875851,True,AGTATGTATTCCCGTGTGCCA,C,9.227924,16.536152,1,0
2@ENSG00000144524@231807942,True,GGGCTTGTCTCCCTCCCAGTT,C,8.990629,16.062769,1,0
1@ENSG00000143294@156800682,True,GTGATGCCTCCGAAGGGGCTC,C,9.671435,15.184718,1,0
20@ENSG00000125977@34098593,True,CCAACTGAACCAGAGGATGAC,C,8.845971,15.616563,1,0
5@ENSG00000183072@173233029,True,GACCAGCTGGCCAGCGTGCTG,C,11.027972,15.688414,1,0
6@ENSG00000112378@138096447,True,CTTCATCATCCTGGTGATCTG,C,8.994783,15.105371,1,0
22@ENSG00000128309@37029585,True,AGCTCCGCTTCTGCTTTCACC,C,9.384764,16.085678,1,0
20@ENSG00000215305@2866593,True,TCCTGTACATCTCAAGCAAGG,C,8.837116,17.61027,1,0
11@ENSG00000110711@67491055,True,GCCCCCCTGCCCGTGCTGCGT,C,9.546536,15.137084,1,0
12@ENSG00000177889@93410744,True,AAGCCCAAGCCATAGAAACAG,C,8.735494,16.369535,1,0
12@ENSG00000022840@120546463,True,TTTCCTACCCCAAAAATGAAA,C,9.655023,15.532019,1,0
5@ENSG00000145919@173608005,True,TGTCCTGAAACAGACTTTTAT,C,9.293497,18.072924,1,0
6@ENSG00000111906@125276228,True,TTCAATCACCCTGAGATAGTC,C,8.46403,15.718729,1,0
17@ENSG00000169718@82065061,True,AGCCTGGAGACGATGCCAAAG,C,8.57748,15.065212,1,0
6@ENSG00000204256@32980927,True,ATTCCCAGCCCCATTGGGGAG,C,9.482385,17.07881,1,0
2@ENSG00000239779@74460420,True,AGAGTGCCCCCCCTCATCAGG,C,9.183131,15.369359,1,0
2@ENSG00000115053@231461951,True,GGTCGTTTCCCCAACAAAAAA,C,9.146468,16.711218,1,0
6@ENSG00000146109@26597146,True,CATATCCCGCCGCGCTTCCGG,C,8.201842,15.535622,1,0
X@ENSG00000165775@155054783,True,TCTTCCCTGCCATGGCAAATC,C,8.276493,17.00574,1,0
17@ENSG00000141741@39730279,True,AACCCTGCGGCTTCGAGGCGA,C,9.762428,16.452055,1,0
9@ENSG00000167118@128390647,True,AGTGCTTTGCCCCTCCTCCCC,C,12.608794,18.605587,1,0
X@ENSG00000147155@48523869,True,CATATACTGGCTGGCCTCTTC,C,9.58809,15.692942,1,0
14@ENSG00000184990@104759502,True,CTCAAGCCGGCTGCCTTCACC,C,9.4895315,15.987587,1,0
1@ENSG00000160058@32365588,True,GTGCTCTCACCCTCCACTCTG,C,8.127299,16.575027,1,0
19@ENSG00000160113@17232149,True,ATCCAGGCCTCAGCCTCATCC,C,8.929911,15.874323,1,0
19@ENSG00000087088@48961559,True,CTTTGGGACGCCCACGTGGCA,C,11.264373,16.249842,1,0
X@ENSG00000130826@154777315,True,AATTTTGTCTCTGAATTCAGT,C,9.13256,16.140276,1,0
3@ENSG00000241553@9806933,True,CCGTCAGTGCCAGTGCCTGTG,C,8.916708,15.648627,1,0
19@ENSG00000071655@1576777,True,TGGCTGGGACCCTTTGCAGTG,C,8.762574,15.605905,1,0
19@ENSG00000130313@17511958,True,CGGCCTCTACCGGGTGAGAGC,C,9.200276,14.813588,1,0
2@ENSG00000084693@27059205,True,TGCCTGTCTCCTGCTCCGAAA,C,9.140162,16.118027,1,0
2@ENSG00000123989@219540423,True,GGGGACAGCTCTAGAGGAGCT,C,8.866935,17.47707,1,0
19@ENSG00000065268@994421,True,GGGTGTGGCCCCCACCAGCCC,C,9.542122,15.021359,1,0
2@ENSG00000198612@237087187,True,ATATTTGCTCCATAATGACAT,C,8.574632,16.438702,1,0
16@ENSG00000126602@3665986,True,TGACCGCCACCGAGCAGGAGG,C,9.446354,15.953358,1,0
15@ENSG00000184277@101646832,True,TGGCAGCTTCCTGAAACAGAT,C,9.122048,15.570249,1,0
8@ENSG00000183779@37699601,True,CCAGAAGGCCCCGCTGGCGTG,C,9.114494,15.234875,1,0
19@ENSG00000011451@15422540,True,AAGCCACGCTCCCTCTGTGGG,C,9.488668,16.637861,1,0
3@ENSG00000163930@52403645,True,CTGAGATCGGCAGTGCTTTCA,C,11.008595,19.359114,1,0
11@ENSG00000167797@67506593,True,ACCTCCCTGCCTTGTGTCCTG,C,7.777349,16.63768,1,0
22@ENSG00000198832@31107424,True,CACTGCCTACCGGCCGGACTG,C,9.003968,15.209205,1,0
6@ENSG00000112118@52264442,True,AAGCTGAGTTCAGGACTCGGT,C,8.999933,15.922787,1,0
6@ENSG00000124535@2779268,True,TTCAGGCCCGCCATGTTCATA,C,9.503817,16.455795,1,0
6@ENSG00000060762@166366069,True,TGAGATTTGCCTACAAGGTAC,C,8.716103,16.101995,1,0
3@ENSG00000214706@50289984,True,AGCCTGCAGCCTCTGCTGGTC,C,7.644506,16.030561,1,0
X@ENSG00000102317@48577030,True,CCCCAGAAACCAGGGTGGTTA,C,9.147463,15.152295,1,0
2@ENSG00000115677@241229328,True,CTGGTCCACCCGGCATGTCAG,C,8.811508,15.256033,1,0
1@ENSG00000159479@43386197,True,GACCTTTAACCCTACAGACAC,C,7.1183085,16.01101,1,0
7@ENSG00000126524@66987888,True,GATGATGTTCCTGATTATCTG,C,8.67519,16.104902,1,0
11@ENSG00000110321@10801723,True,ATCCCAGCTGCAAGGACAGTC,C,8.997297,16.422894,1,0
6@ENSG00000204387@31834965,True,TTGTAATGGCCCGACTGTTGA,C,8.677133,15.153631,1,0
7@ENSG00000106554@132885678,True,GAACAGCTGGCTAGACTGGAG,C,10.8795595,15.648789,1,0
17@ENSG00000108963@2042936,True,TGCCTTCGCTCCATGTTTTTG,C,8.329813,17.727936,1,0
1@ENSG00000134684@32779486,True,TCTGGACCCTCCGGCAGGCTC,C,9.0501375,16.025913,1,0
5@ENSG00000113269@179978220,True,ATGATGTCGTCCGAATTCTCC,C,9.137279,16.938698,1,0
14@ENSG00000100823@20455582,True,CTGTAGGCAACGCGGTAAAAA,C,7.436678,15.080952,1,0
17@ENSG00000185262@76270900,True,CTTCTGGAATCTGGAAGAGGA,C,9.208976,17.03403,1,0
1@ENSG00000116161@175006790,True,ATTACCTTAACTGGAGTTCAT,C,7.7324,16.99536,1,0
14@ENSG00000176903@73713495,True,GGTCTCCTACCGAATGCTTGG,C,9.424178,15.216213,1,0
1@ENSG00000122218@160289440,True,AATCATCTCCCATTTTCCTTA,C,9.073103,15.732971,1,0
16@ENSG00000103202@397245,True,TTCTGGCGCTCCGCGCTGCGG,C,9.231595,15.299033,1,0
7@ENSG00000157778@1567645,True,CACCCAGACACCCACTCAGGG,C,9.445909,15.995712,1,0
20@ENSG00000101193@62945309,True,CTTAGGCAGACATTGGGCCTT,C,8.3597555,17.04303,1,0
10@ENSG00000065154@124403800,True,CACCAGGCACCAGGTTGTCAC,C,9.140952,15.149455,1,0
7@ENSG00000136240@6461640,True,CTTTCTAAATCGGCAGTGTAA,C,9.688678,15.818904,1,0
1@ENSG00000031698@109237879,True,TGGAGGTCACCGATGCTTGAA,C,8.816194,15.3722925,1,0
19@ENSG00000125651@6380462,True,ACTGAGGATGCCGTGCGCCGC,C,10.491725,18.415482,1,0
2@ENSG00000115484@61877006,True,GGTTCTCACCCAAAAAGTGTC,C,9.568787,15.572551,1,0
16@ENSG00000131165@89645686,True,AAACAACTCCCTGAGGCCTCT,C,9.380987,15.383031,1,0
X@ENSG00000071553@154433664,True,CCTGAGCACACTCAAGTCCGA,C,8.0314865,15.480168,1,0
6@ENSG00000112667@43225771,True,GGCTGATCCTCCAGGGCAGGT,C,9.090774,17.23897,1,0
19@ENSG00000141985@4363808,True,GGCAAGATCCCCGATGAGGAG,C,9.651486,15.088524,1,0
5@ENSG00000155506@154816325,True,ACAGAAACCTCAGTGTTTTTC,C,8.460128,17.444563,1,0
22@ENSG00000198832@31105248,True,GGGGCCGACCCTGAGCTCGTG,C,9.225517,15.378485,1,0
1@ENSG00000160710@154582220,True,GGTTGTGACTCCAAGAGCAGA,C,9.353819,16.521523,1,0
17@ENSG00000169710@82081637,True,CAGGGACAGCCAGCGGGACCT,C,8.103821,16.146814,1,0
14@ENSG00000080824@102086042,True,AACCTTATACCGAACAAACAA,C,8.852838,16.7531,1,0
11@ENSG00000149257@75566806,True,CAGCAAGCAGCACTACAACTG,C,9.882412,17.865753,1,0
2@ENSG00000176946@241606469,True,CCTCAGAGCCCCCCAAGATGA,C,8.025057,15.769759,1,0
7@ENSG00000004059@127588463,True,AGCCCGCACCCCGCGTCGGTG,C,9.358205,15.786428,1,0
3@ENSG00000114784@40312065,True,TTCTCTAAACCCGGTTTGGCT,C,8.859521,15.177951,1,0
3@ENSG00000114867@184327345,True,AGCGGAGCTTCAGCAAGGAAG,C,8.795408,17.180815,1,0
15@ENSG00000177971@75639606,True,TAGCGGATCTCCCACTTTGCA,C,9.807519,16.784315,1,0
7@ENSG00000243317@135674327,True,AATGGGGCCCCAATTTGAGAA,C,8.890104,16.741837,1,0
16@ENSG00000103549@30774969,True,GCTGGGCCAACTTCCAATCAT,C,9.484108,16.611814,1,0
11@ENSG00000149541@62616745,True,GGTGGGCGGCCTGCGATTCGA,C,9.359584,15.189726,1,0
16@ENSG00000167513@88804792,True,GTCATGCCTGCAACGGGCCCG,C,9.722356,15.705439,1,0
12@ENSG00000159335@6770741,True,ATTCTTCCTCCGGTAGCCTCT,C,9.0653715,15.81197,1,0
22@ENSG00000100227@42583821,True,TCTATGTTACCCATCTGTGTC,C,10.544966,19.438166,1,0
12@ENSG00000166986@57515174,True,CAGTGACTGGCTTGGCAGTGA,C,7.9757934,17.61166,1,0
10@ENSG00000151465@12250320,True,GAAGAGAAATCAGCAGGAGGA,C,8.661584,16.251728,1,0
19@ENSG00000088247@6416537,True,CCGGGGTTCACCCCAGCAGAT,C,10.223341,16.611052,1,0
3@ENSG00000136521@179624198,True,AGGAGTTTGGCTTCCAGTCCC,C,7.4788837,17.496555,1,0
16@ENSG00000168488@28835145,True,CTCTACCCCTCAGTACCCTTC,C,9.21159,15.779335,1,0
5@ENSG00000113384@32124781,True,TTAAGGGATTCCCTAATATGT,C,8.728097,18.136967,1,0
1@ENSG00000117410@43978059,True,GCTGGTTTTCCTGGGACAGCT,C,8.774628,16.139647,1,0
9@ENSG00000119421@122148134,True,TGGGTGCGGCCTGACCTGGGA,C,9.054292,15.230684,1,0
2@ENSG00000144524@231808538,True,GCTGAAGGACCTGTTGCTGCT,C,8.682418,15.490905,1,0
17@ENSG00000183048@81716849,True,CCGCGTAGCTCGTGAAGGTGA,C,9.225678,16.620996,1,0
1@ENSG00000158195@27404486,True,AGTTGGAGATCTAGGCAGTGG,C,8.964234,15.727016,1,0
6@ENSG00000182952@26545726,True,GTTCTTGATTCCCTTGATTCC,C,7.8758416,18.310133,1,0
6@ENSG00000189241@116277759,True,CCGCCACGCCCGGCTAATTTT,C,9.13568,14.887713,1,0
22@ENSG00000100380@40825318,True,AGAGGGGAACCGATTTTTTTT,C,8.979253,17.236362,1,0
19@ENSG00000105568@52190117,True,CCGACGGCGACGACTCGCTGT,C,8.18116,15.075129,1,0
17@ENSG00000073536@35132198,True,TGAACTTGGCCCGTGTCTGCT,C,8.3673935,17.328959,1,0
2@ENSG00000144591@219506905,True,GCTGGATCGTCACATGCCGGG,C,8.962345,15.964162,1,0
1@ENSG00000173171@155213780,True,TTGGTACAGCCGGACACGGGG,C,8.966868,15.230491,1,0
4@ENSG00000084092@56964435,True,GCATCTGAAGCAGTGGCCGAC,C,9.188985,15.70819,1,0
17@ENSG00000174231@1650773,True,CTTCAGCCTCCCGAGGCCGAA,C,9.408321,15.174181,1,0
21@ENSG00000159128@33414914,True,GCCCGCTCCTCAGCACCCGAA,C,9.408826,15.953052,1,0
7@ENSG00000136270@45100331,True,AGGAGCTGGCCAAGTGACTTG,C,9.251722,17.16848,1,0
19@ENSG00000130479@17728166,True,CACTCGAGGCCCGTCGGGTGA,C,9.030991,15.733166,1,0
6@ENSG00000204256@32972731,True,CCGAGAGGCCCCAAAGAGACT,C,9.346542,15.057609,1,0
17@ENSG00000082641@48060643,True,TGCTGTGAGGCAGAGGAATGA,C,9.206563,15.946477,1,0
19@ENSG00000172270@580395,True,CTCCGACGACCAGTGGGGAGA,C,9.302417,15.391671,1,0
X@ENSG00000147140@71291872,True,AATCTTCCTCCCGACATCACT,C,9.152087,15.928433,1,0
2@ENSG00000116120@222572006,True,CTTTCTTCCCCGGGCGATGTG,C,8.682304,14.616697,1,0
1@ENSG00000116221@54205040,True,CCCTCTGGCTCACCAAGACCA,C,8.927522,16.148664,1,0
19@ENSG00000141873@2732726,True,GTCCCTGCCGCCGGAGCCCGC,C,9.231597,15.586061,1,0
1@ENSG00000180198@28536846,True,AGGCTGCCTGCTGTCTCCTCG,C,8.986763,15.721873,1,0
3@ENSG00000073111@127617989,True,CGACCCCTCGCTGACTTTCTC,C,10.217139,15.663599,1,0
19@ENSG00000104979@13778055,True,CCCTCAGAACCTAGAAGTCGG,C,8.899842,16.188437,1,0
17@ENSG00000108961@8289773,True,AACCTCAGGCCTGGATGATGT,C,8.6910715,16.25828,1,0
4@ENSG00000138668@82358716,True,TTGTTGGTGGCCTTTCTCCAG,C,9.915436,15.948886,1,0
17@ENSG00000141522@81868284,True,GTCCCTTCCCCGGTGGCGAAC,C,9.280673,15.336814,1,0
17@ENSG00000132383@1897739,True,AAAGGCATATCTTCTATATCT,C,9.120707,17.766964,1,0
X@ENSG00000147155@48528530,True,AGTCCTGCTCCCACAGTTTGG,C,9.354139,16.097946,1,0
16@ENSG00000100726@1507668,True,TGCGCGCCTGCTGGAGGACCT,C,9.341437,16.192698,1,0
1@ENSG00000126067@35602262,True,GCAACCTCCGCCTCCCGGGCC,C,10.409142,16.832468,1,0
19@ENSG00000088247@6415641,True,GTCCCCGGCCCCGCACCGGCC,C,9.388764,15.364559,1,0
17@ENSG00000161547@76737101,True,AGGTGGACAACCTGACCTACC,C,10.119244,17.7692,1,0
3@ENSG00000153551@32454474,True,AACATCCCTCCCATTCTGGGA,C,10.066529,16.467304,1,0
1@ENSG00000116161@175008676,True,GATTACCTGACCCAGGTTGAA,C,12.085847,16.619287,1,0
9@ENSG00000107281@137039644,True,GGGCTCCAGGCCCTGGGACCC,C,13.010633,17.04307,1,0
16@ENSG00000205250@67198464,True,TTGTTCCTGCCAGCCTCAGTG,C,9.3339815,15.671288,1,0
11@ENSG00000211450@57741943,True,CTGCTGCGCCCGGACGGCAGC,C,9.157207,14.970053,1,0
10@ENSG00000165678@84153144,True,AAATATGTTGCTTTTTCCAGA,C,11.61728,19.603762,1,0
7@ENSG00000164889@151074184,True,CAGGGGAAGCCCCGGGGCCAG,C,8.123822,16.215437,1,0
11@ENSG00000177030@678745,True,GGACAGCTGCCAGATCGCACC,C,9.20085,15.567453,1,0
5@ENSG00000113384@32125420,True,CAAAATCGACCTCTTGTCGCT,C,8.087562,15.868283,1,0
19@ENSG00000179115@12924972,True,GGACGAGGCCCGGAAAAACCT,C,9.303895,15.119136,1,0
1@ENSG00000158710@159918803,True,GCCAGATCCTCTGATCCCACC,C,9.464051,15.788807,1,0
9@ENSG00000160404@127732243,True,GGAAGAGCGCCTCCTAGACGC,C,8.019071,16.152813,1,0
1@ENSG00000163468@156317513,True,GAGGACTTCACCCGAATTCTC,C,12.057765,18.651857,1,0
1@ENSG00000197989@28578647,True,GGCAAGGACCCCGGTCATTTT,C,9.416821,15.178944,1,0
2@ENSG00000168906@85544928,True,CAGATGGCAGCTTTTAAAAGA,C,9.716389,18.507603,1,0
1@ENSG00000121775@32100537,True,GCTATCCCCTCTGACGTCTCC,C,9.427358,15.949301,1,0
16@ENSG00000167397@31091021,True,TTCTAGATTACCCCCTCCTCC,C,7.7732162,17.389606,1,0
19@ENSG00000104980@7928154,True,TTACAGCCAGCTGGCCCACCC,C,9.284071,15.711842,1,0
11@ENSG00000214026@1956526,True,GGGCGGCCAGCAGGGACGCGC,C,9.4062605,15.420491,1,0
6@ENSG00000254870@31539245,True,TCAGGCCATTCTGGGAATGGA,C,9.118811,16.490711,1,0
22@ENSG00000128245@31944622,True,GCCGGCGAGCCAGTGCGCGTG,C,9.0568075,15.543106,1,0
12@ENSG00000126746@6667444,True,AACTGGGGGTCGGTGCTCAAG,C,8.547476,15.132729,1,0
1@ENSG00000198952@156277091,True,CACTGACCCCCTCATAGGTCA,C,9.223698,16.31282,1,0
19@ENSG00000130175@11435685,True,GCGGTGGATACTGACCTTTGC,C,7.792356,14.572749,1,0
12@ENSG00000182199@57232455,True,CTGTCCAGCCCAAAACTGGCC,C,9.487693,15.513105,1,0
17@ENSG00000262814@81707031,True,AAGGCATCAACCTCGTCCAGG,C,8.91295,16.5298,1,0
9@ENSG00000165264@32572973,True,GGAGCTGAGCCCTCGGGAGCC,C,9.397548,16.436438,1,0
7@ENSG00000196313@72948066,True,CTCCTAGTGTCAGTACCTGAG,C,9.280873,15.25765,1,0
1@ENSG00000162736@160358641,True,ACCCCCACCCCTGTACCCAGC,C,9.222692,15.525751,1,0
1@ENSG00000116221@54200240,True,GCTATCAGATCGGTATGGCAT,C,8.102218,14.94306,1,0
9@ENSG00000136950@124877065,True,CATGTATCTGCTGAAATGTAT,C,9.172922,15.949813,1,0
20@ENSG00000166913@44908310,True,TTTTTCTTACCAGTATTCTGC,C,9.289475,15.723951,1,0
7@ENSG00000159840@143382323,True,GCCTTCCCGCCGCCCCCTCCC,C,9.017445,15.367329,1,0
19@ENSG00000104852@49085586,True,GGGGCTGCCGCAGCCGCCGCG,C,9.419357,15.87039,1,0
X@ENSG00000203879@154442970,True,CCCCACCGCTCTTACCCCCAC,C,9.713033,16.20245,1,0
14@ENSG00000168175@55062970,True,ATGCCCTTTCCAGAGCTACCC,C,8.547171,16.01378,1,0
14@ENSG00000100836@23321613,True,ACTACGGGAACGGCCTGGAGT,C,8.087106,15.017249,1,0
1@ENSG00000188290@999957,True,GCAGACACGCCGGGGAAACCG,C,8.864956,15.634999,1,0
19@ENSG00000105438@48391347,True,TGAATCTCTTCCGATTCCTGG,C,8.9100685,16.190315,1,0
5@ENSG00000113648@135334881,True,GGTGGGACCCCTTTCATTTTC,C,9.335972,16.419178,1,0
14@ENSG00000092199@21231060,True,ATTAACCTGGCTGCAGAGCCA,C,13.002596,18.01959,1,0
2@ENSG00000076003@135876326,True,CGCCGGCAGCCAGCACCTGGA,C,9.627327,15.256822,1,0
2@ENSG00000068697@20040947,True,TCCATGCCAGCTGTCAACATT,C,9.713364,16.570751,1,0
22@ENSG00000184164@49918896,True,CAAGTTTAACCAGGTGGGAAG,C,9.0112095,14.882972,1,0
16@ENSG00000179965@30418347,True,CGAGCGTTGCCCGGAGTGTGA,C,9.0859165,16.427534,1,0
7@ENSG00000146701@76057997,True,TGTTCAACACCAATGCCACGA,C,9.542496,15.730283,1,0
17@ENSG00000131475@42779039,True,TCATCACTGTCAGCGATGGCC,C,8.462407,17.375727,1,0
19@ENSG00000105373@47755503,True,CTGACAAGCCCCGAAGGCTGG,C,9.27247,15.047989,1,0
9@ENSG00000165802@137448313,True,TGGCTGTGTTCCCAGCTGAGG,C,8.700843,15.35861,1,0
9@ENSG00000107281@137046028,True,GAGCCCCTGGCCTCGCGGTGC,C,10.3152485,16.8867,1,0
16@ENSG00000141002@89904154,True,AGTGTGCGGCCCGACGCCAGC,C,9.050213,15.250722,1,0
11@ENSG00000177830@903092,True,TCAGATAAGCCGGTGCAAGAC,C,8.552378,15.447617,1,0
7@ENSG00000105887@135927443,True,TGTATTAAATCAGTCATTTCA,C,9.362908,18.129309,1,0
15@ENSG00000237289@43596430,True,GAAGAGCTTCCTGATCTGGGT,C,9.117843,15.278559,1,0
16@ENSG00000051108@56940199,True,CTACTCCTCCCTGAGCAGATT,C,9.384668,15.11273,1,0
6@ENSG00000146425@158636851,True,ACTGCATCGTCAGTGCCTTCG,C,8.604338,17.046516,1,0
10@ENSG00000107872@102422096,True,GGAGCTGGATCTCACCGCCTG,C,8.386247,15.701229,1,0
19@ENSG00000105700@18568904,True,GGGCTGGGCACAGGGGAATTT,C,8.485543,15.793259,1,0
11@ENSG00000177951@204083,True,CACTGTCCCCCCACCTGTGTG,C,9.422771,17.405375,1,0
X@ENSG00000147140@71294325,True,ATAGTGCATCCCTTACAGTTC,C,7.7428246,16.0779,1,0
13@ENSG00000043355@99986004,True,CTTTCCCACCCTGTTCCCAGT,C,9.268777,15.427598,1,0
19@ENSG00000130522@18281234,True,GCGGCACCCCCCGACGGCCTG,C,9.137895,15.387494,1,0
9@ENSG00000107341@33917323,True,GGCCCCTCAGCAAAAACCTAT,C,9.883722,16.93804,1,0
7@ENSG00000253293@27172154,True,AAGGTGAAAACGCAGCCAACT,C,7.2238655,15.065346,1,0
12@ENSG00000135446@57752216,True,CTCCGGGGCCCCGATAACGGG,C,9.437375,15.051885,1,0
3@ENSG00000114383@50325237,True,AGGCTGGTGCCAGTAGTTATG,C,8.93944,15.306333,1,0
X@ENSG00000022267@136210223,True,AAAAGCAACCCTGCAGCAAAG,C,9.1332445,16.160017,1,0
6@ENSG00000254870@31530298,True,ACCACCACTCCTGAACCCCCA,C,9.349819,15.520934,1,0
7@ENSG00000146592@28410007,True,GCGGAACCCCCGGAGAAAGTT,C,9.248489,14.893283,1,0
2@ENSG00000115310@55050031,True,CGCCGGCGCCCCGGGGACCCC,C,9.099196,15.072093,1,0
14@ENSG00000092199@21231064,True,AGATATTAACCTGGCTGCAGA,C,8.667738,16.182247,1,0
2@ENSG00000115241@27381465,True,TCACTCCGCCCATTCCAAAGA,C,9.106477,16.674793,1,0
2@ENSG00000032389@3354620,True,CGTGCCTTAACACCTCAAACT,C,8.744361,18.075287,1,0
3@ENSG00000156990@9838065,True,GCACCACTGCCCCCTTATTTC,C,8.7155695,16.370537,1,0
1@ENSG00000168159@228494079,True,CAAACACCTCCCGGTAGAGGC,C,9.312892,16.25866,1,0
10@ENSG00000099194@100356691,True,GTGCTGCCCACCTCTTCGGAT,C,10.353557,17.046272,1,0
22@ENSG00000100348@36467250,True,CTGAAATCCCCTCTAGTCACC,C,7.913593,15.910164,1,0
6@ENSG00000137285@3224907,True,GCAAGGCCTTCCTGCACTGGT,C,9.247272,17.089453,1,0
22@ENSG00000100225@32498768,True,TCTTGGTTCTCCTCTAGATTG,C,10.496206,19.553228,1,0
16@ENSG00000103266@682178,True,CGAGACATCCCCGACTACCTG,C,9.551989,15.2178,1,0
22@ENSG00000100075@19175733,True,CGGGCCTCGGCCTGGCTTCAC,C,8.514771,17.695156,1,0
22@ENSG00000213923@38291186,True,TCGCTGCCACCGGTCCCCCCC,C,9.015895,15.613109,1,0
22@ENSG00000213923@38291488,True,ACAGCCCCACCCACTCTGAGA,C,10.05221,16.515074,1,0
14@ENSG00000100462@22924084,True,ACATCATTGTCAGTGAGCTTC,C,8.437882,17.514658,1,0
1@ENSG00000132128@46285704,True,AGCCCCACAGCCTAAGCCCCT,C,9.9135,16.992638,1,0
6@ENSG00000270800@34425124,True,CCTAAGCACCCGGAGCTGGCA,C,9.455922,15.006094,1,0
12@ENSG00000182544@53253828,True,TGTTGACTTTCTCTACCAGCC,C,8.826317,16.413786,1,0
19@ENSG00000171425@55644884,True,CCTTCAGCGACACAGCATCAC,C,8.078839,16.036251,1,0
1@ENSG00000158864@161209889,True,TGTCTGGAGCCCGAATGCATG,C,8.978201,15.259779,1,0
20@ENSG00000101439@23633927,True,ATCCACCTGTCAGGACGCCTA,C,9.072063,15.95367,1,0
22@ENSG00000100219@28800319,True,CACCTGAGCCCCGAGGAGAAG,C,9.400393,15.044524,1,0
11@ENSG00000146670@65083691,True,TAAGCCTCTGCGGAGGTCCCA,C,9.491183,15.828831,1,0
19@ENSG00000099804@541849,True,GGTCCCCCAGCTTCCGGACTG,C,10.801584,17.119555,1,0
20@ENSG00000101294@31569356,True,TACCTCCAGCCAGGCCTCTGT,C,9.187176,15.60338,1,0
8@ENSG00000133872@30069762,True,TAAGCTGTTCCTGAGTGACGG,C,8.6956625,16.013319,1,0
16@ENSG00000161999@682524,True,GCCCAGGGCTCCCCTGGACCA,C,8.828399,16.023884,1,0
19@ENSG00000196235@39472815,True,CCCAGGTCAGCGTGGCGGCTT,C,10.226927,16.373034,1,0
10@ENSG00000099194@100363545,True,GCTGGTATTTCTAATTCCACA,C,7.0360026,16.73069,1,0
2@ENSG00000144028@96287894,True,AGACAAGACCCTGAACCTCTG,C,9.162859,15.317457,1,0
17@ENSG00000108424@47680080,True,GACCACATTGCTGGAGATGAG,C,9.534761,15.644583,1,0
8@ENSG00000070756@100706692,True,TCGCAATCCTCAGCAACATCT,C,9.174098,16.477386,1,0
11@ENSG00000172531@67398350,True,GGGCTGCTTCCTGCCTGCACC,C,9.136755,15.4796,1,0
3@ENSG00000170876@14143048,True,GGTTCTTTCACGTGTTGTGTC,C,8.773391,16.922157,1,0
3@ENSG00000114631@127672597,True,CGCGGCCTGGCCCTCGGCGCG,C,11.894826,16.444069,1,0
X@ENSG00000089289@70166196,True,TCATCCTCATCATGTTGTATT,C,8.701198,17.44491,1,0
16@ENSG00000131653@2171289,True,GCGGAGCAGCCCTCGGTGAAG,C,11.669649,17.765482,1,0
12@ENSG00000166598@103946665,True,CCCAGACACCCGCTGATCAGA,C,9.520044,15.293003,1,0
X@ENSG00000068438@48482783,True,CCACACCCTGCTGGCCCCTGA,C,9.61707,15.671767,1,0
2@ENSG00000168385@241351978,True,AAACACTTTCCTGGATAAAAA,C,8.629221,16.374603,1,0
13@ENSG00000188243@75537826,True,GAGTCCGGGCCGCAAGTCCCA,C,8.113792,15.690434,1,0
19@ENSG00000104907@13109949,True,CCACCTTCAGCGTCTCGGCAA,C,10.18548,16.590975,1,0
19@ENSG00000130204@44903166,True,TCACCATCGGCTGAGCCCTCC,C,9.456267,15.812424,1,0
15@ENSG00000178718@74955505,True,GGGCCCTATTCCGCTCCCCGC,C,9.094696,16.038912,1,0
2@ENSG00000135940@97648063,True,GATGCCCCCGCTGTGGAGCCC,C,9.489127,15.863339,1,0
17@ENSG00000011052@51170004,True,CCAGCAGATTCAAAGCCAGGC,C,9.059437,15.611158,1,0
1@ENSG00000092621@119727079,True,GGTAGCTACCCGGATGCAGTC,C,9.138901,15.187493,1,0
11@ENSG00000166337@6611222,True,AAATGAAGGGCACGGCCTCCG,C,9.693092,18.21881,1,0
19@ENSG00000104853@44962020,True,GCCTCAGAACCCACCGGCCCA,C,8.978742,16.327509,1,0
11@ENSG00000173456@119336736,True,CTGGGGTTACCCCTGTCTGCT,C,10.261207,16.626085,1,0
14@ENSG00000198668@90405509,True,TCAGCACAACCATCAACATTG,C,9.042613,16.348186,1,0
19@ENSG00000130726@58550177,True,GGATCTGACCCTGATCCGTGC,C,9.203118,15.427275,1,0
7@ENSG00000106367@101156738,True,GTGCAGCTTCCTGGAGTGGAG,C,9.239153,15.399807,1,0
1@ENSG00000143612@154207367,True,CTCGGAACATCTGGCCCAGCA,C,8.71963,16.031605,1,0
7@ENSG00000232956@44984412,True,GGAATAGTTGCTGAACACCCC,C,9.785302,16.241827,1,0
4@ENSG00000145337@88521770,True,TCTCTTCCTACGTTGACTGTT,C,8.285423,18.02561,1,0
11@ENSG00000175634@67435358,True,CCGCCACGCCCCGCGCTCAAC,C,9.265025,15.010697,1,0
2@ENSG00000115091@113957945,True,TGAGACTTGGCATACACACTC,C,11.851391,17.136803,1,0
2@ENSG00000138073@27131139,True,TTCTGCCTACCAGAGGCTCCA,C,9.4099245,15.522822,1,0
5@ENSG00000184840@177592256,True,GGCCCCGGCCCGGAACCGGGC,C,9.234834,15.3557005,1,0
1@ENSG00000132128@46285402,True,ACCTGCTGAGCTCCTGGGTGT,C,10.31757,17.137594,1,0
7@ENSG00000033050@151213849,True,TGTCCTCCTTCCAGTTACATC,C,8.884179,17.08101,1,0
5@ENSG00000169230@177304018,True,AGAGCGTGCTCCGGAGTTCCT,C,9.218717,16.660967,1,0
11@ENSG00000149541@62616791,True,GTTAGATGCGCTGGACCCGTG,C,9.129759,15.510281,1,0
6@ENSG00000204469@31637523,True,AAGGGCCCTCCCGACGGGCAG,C,9.052657,15.5809765,1,0
16@ENSG00000007376@786014,True,CCCCCTGAGACTGAGGCACAG,C,9.109001,15.351648,1,0
1@ENSG00000004455@33009320,True,AAATTCATTTCCTCTCCAGCA,C,9.151928,17.79902,1,0
20@ENSG00000101057@43715256,True,CCCAGAAGCCCCGAAGCCACT,C,9.357714,15.187209,1,0
11@ENSG00000089597@62625215,True,TTTCCTCTCCCCGATTCCTTG,C,9.240304,15.50693,1,0
9@ENSG00000119333@128636923,True,CCTGTGCCTACGGCCGGTGAG,C,9.4278145,16.240995,1,0
X@ENSG00000089289@70165856,True,AGCAGCTCAGCAACAGGAAGA,C,8.948534,16.715157,1,0
3@ENSG00000171135@9893133,True,CTGGTGCTCTCCATGATCAGC,C,10.999553,15.581736,1,0
12@ENSG00000182199@57232536,True,CTGGCACCAGCGCCTATGCTC,C,11.764095,16.464655,1,0
X@ENSG00000102225@47228959,True,GGCCTGTCTGCTGGGTGCTAA,C,9.066085,16.06684,1,0
1@ENSG00000132128@46286105,True,ACCATGAGTGCTGGCTTCTGG,C,8.889139,17.172102,1,0
11@ENSG00000084207@67586193,True,GAGGCAAGACCTTCATTGTGG,C,9.067115,16.39841,1,0
19@ENSG00000105220@34394045,True,ACCTGCACCGCTTTGCTGCGT,C,10.64757,16.521229,1,0
20@ENSG00000131043@36256334,True,AGCAGGTGGTCAGCTTCAGCT,C,8.558667,16.974808,1,0
1@ENSG00000143793@228100875,True,CCAGATTTATCAGTAGAGGCT,C,8.160305,15.964029,1,0
19@ENSG00000071655@1578142,True,TGCCGAGAGCCCGTGCTGCCT,C,9.51415,15.051187,1,0
19@ENSG00000105669@18904807,True,ATGCCACCCTCACCCAGCTCG,C,9.347954,16.447205,1,0
12@ENSG00000111652@6730709,True,ACGACGGCAGCAGCAGCCGCA,C,9.439942,15.939304,1,0
17@ENSG00000131462@42614265,True,ATCAGGTGGCCAGCGTGAGGA,C,8.765347,15.5870695,1,0
19@ENSG00000105135@15119444,True,AGGCCCTGCTCACCCCAACGT,C,9.05604,16.260014,1,0
17@ENSG00000030582@44352207,True,GACCTGCTGCCCGAGCCTGGG,C,9.656281,15.186287,1,0
12@ENSG00000110917@120700505,True,TCTGTGGCCCCGGAGGAAGGA,C,9.36464,14.999773,1,0
19@ENSG00000123136@14410260,True,CAGCGCCACCCTGAGCAAGGA,C,9.417986,15.012341,1,0
19@ENSG00000011304@810911,True,CTGAAGTGACCTTAGCAGACC,C,7.5641727,15.894444,1,0
11@ENSG00000175602@65891280,True,GGGCCAGCACCCGAGCTTGCC,C,9.349642,15.492125,1,0
16@ENSG00000103495@29810453,True,AACCTGTCCCCTCGGTTGTGT,C,8.746398,16.229017,1,0
12@ENSG00000022840@120552562,True,GAAGATCAACCTGAACCACTT,C,9.062549,15.349411,1,0
19@ENSG00000167747@50798731,True,GCTGCTGCTGCCGGGTGACCT,C,9.060369,16.110418,1,0
19@ENSG00000105443@48472355,True,GAATGAACTGCTGCAGAACAC,C,9.506273,16.411789,1,0
19@ENSG00000130175@11436449,True,GCCACCATCCCATTTGATCAG,C,9.71105,15.332095,1,0
6@ENSG00000146109@26598928,True,GTAGGGTCCCCTGAAAATCCC,C,9.151047,15.809466,1,0
9@ENSG00000167118@128390286,True,TGCCGACTCCCCCCACCGCCA,C,9.592061,15.200122,1,0
16@ENSG00000166595@66932248,True,TGGAGAACACCCACCTCTTGG,C,9.631368,17.607258,1,0
MT@ENSG00000198786@13712,True,CGCCTGGCAGCCGGAAGCCTA,C,9.661387,17.383106,1,0
19@ENSG00000105607@12899559,True,CATCAGGGGCCCGAAACTCTC,C,9.232672,15.232921,1,0
20@ENSG00000101255@396385,True,GCTGGCCGGCCACTACCCCTT,C,8.4264965,15.898669,1,0
1@ENSG00000171793@41002222,True,CAAGCAATTGCCTGGGCTCGG,C,12.026881,18.296465,1,0
2@ENSG00000168385@241353759,True,TGACTAAGCCCCGCATATGTG,C,8.994046,15.274648,1,0
22@ENSG00000100216@38682025,True,CCCCAGTCCCCGGACGAATTG,C,9.37738,14.987838,1,0
3@ENSG00000114631@127672539,True,GACCCCGAAACGGACGGCCCG,C,9.032502,15.404331,1,0
14@ENSG00000156411@103912686,True,AGCTTCAGCGCCTGCTCCTGG,C,8.911994,17.234993,1,0
22@ENSG00000196419@41663919,True,AAGAGTCTACCCGACATAAGT,C,9.187859,15.990393,1,0
12@ENSG00000111057@52949432,True,CATGCAAAGCCTGAACGACCG,C,8.617657,15.82017,1,0
17@ENSG00000185624@81846481,True,GAGGAGCTGACGGCAGAGAGG,C,10.351254,15.963233,1,0
17@ENSG00000167900@78174567,True,CACTGGTCTGCTTAAAGCTTC,C,9.585113,17.859627,1,0
17@ENSG00000169718@82062889,True,GTGAGGTACGCCCAGATGCTG,C,11.65167,16.406473,1,0
8@ENSG00000183779@37697771,True,TGGTGGGGGCCGGCCACGTGG,C,8.851392,15.234815,1,0
16@ENSG00000158545@88631601,True,CCTCCTCCGTCTTCTTCCCTG,C,8.851372,16.78902,1,0
10@ENSG00000172586@73783165,True,CAGAGGTTTCCTAACAAACCT,C,8.745514,16.804668,1,0
1@ENSG00000123080@50974165,True,GGCATCGGAACCATAAGGGGG,C,10.330661,17.432158,1,0
10@ENSG00000148450@23095709,True,GGCACCGGGCCGGGACTGGGG,C,8.965021,15.36705,1,0
22@ENSG00000099995@30338801,True,CTTCAGTGCCCCGACCACCCA,C,9.365087,15.091647,1,0
15@ENSG00000178802@74897931,True,GAGGAGAGGCCCGTGTGAGGG,C,11.490327,16.05956,1,0
1@ENSG00000162430@25817954,True,CCTCCCCCCCCATCCTGTCAG,C,9.4439,16.292782,1,0
1@ENSG00000143368@149925985,True,GCCCTCCCACCTGGGATACCC,C,9.197686,15.599216,1,0
8@ENSG00000187840@38060192,True,ACCCTGCAGCCAAGGGCCAGG,C,9.442347,15.199893,1,0
22@ENSG00000100129@37888541,True,GAAACCTTTACCTAGATCAGC,C,6.741864,15.797726,1,0
12@ENSG00000250742@54132134,True,AGGAAGGAACCTGACTTGCTT,C,8.879442,15.562655,1,0
16@ENSG00000153443@4609389,True,GGGTGCCTGGCGGACAGAACT,C,11.377353,16.979023,1,0
16@ENSG00000162073@2972465,True,GACAAAAGGACCAAGGGGGCG,C,7.1552005,14.720904,1,0
11@ENSG00000239306@66626914,True,TACCCTGCCTCCCGTCTCCCC,C,8.834592,16.051357,1,0
22@ENSG00000100319@29748482,True,TCCACAACCGCAAGAAGCACC,C,9.735995,16.79886,1,0
22@ENSG00000128283@37569112,True,GACCCAGCCTCACAGTGTGTC,C,8.936041,16.25278,1,0
17@ENSG00000185624@81846493,True,AAGCCCGAATCGGAGGAGCTG,C,8.720301,14.886766,1,0
12@ENSG00000135506@57720941,True,TTCACGGAATCCAGACTCTTC,C,8.793525,17.880835,1,0
19@ENSG00000198858@897403,True,TGCCACCTCGCCCAGCCATCA,C,11.976831,16.68259,1,0
19@ENSG00000228300@1275733,True,GCACACGCGTCCGCCGGGGGC,C,10.299464,16.613382,1,0
1@ENSG00000160075@1542007,True,TTTTTCCTTCCTGACATTTGT,C,9.2188015,15.863295,1,0
3@ENSG00000114631@127672303,True,TGGAGAACGGCTGCCACGACA,C,9.249922,17.97869,1,0
17@ENSG00000087111@28553944,True,TGCCTGTCTCCCTCTGTGGCA,C,9.252179,16.564241,1,0
X@ENSG00000071859@154446469,True,AGCGGAAGATCTCCAGCCTGT,C,9.226545,17.491488,1,0
12@ENSG00000159335@6769645,True,GAAGGCAAGCCGGAAAGAGCG,C,8.7638,15.881444,1,0
17@ENSG00000161547@76736451,True,TAGGCGGCGTCGCCGCAGCCG,C,9.082304,15.8337,1,0
1@ENSG00000168159@228493988,True,TGGCAGGCGCCTGGCCTTGGG,C,9.268649,15.438399,1,0
10@ENSG00000168209@72275017,True,TCCAGCTGACCCTCGTGCTGC,C,8.66392,15.994234,1,0
7@ENSG00000106263@2366552,True,AATTCTTTGCCAGAATGACCC,C,8.571505,16.133429,1,0
3@ENSG00000132155@12584654,True,GTTTCAGATCCTGTCTTCCAT,C,8.077866,15.990643,1,0
22@ENSG00000100353@36526007,True,AGGAGATCGGCTAGGAAAGGT,C,9.225213,17.4032,1,0
11@ENSG00000175224@46672705,True,CCCTTCCCTGCCTGCTGTCAC,C,10.671328,16.800585,1,0
14@ENSG00000142208@104773014,True,GATGTGCGGTCGCCTGCCCTT,C,8.14032,15.506071,1,0
1@ENSG00000054116@36149352,True,ACCGTGGCACCGAGAGCAAGA,C,9.386889,15.248582,1,0
20@ENSG00000101220@3754054,True,TGACTGAGGCCCGAGGCCCCG,C,8.960458,15.252216,1,0
1@ENSG00000244038@20652697,True,TTCAAGTTGCCCGACGTGTAT,C,9.741958,15.009967,1,0
22@ENSG00000186716@23314066,True,TCTGGACCACCTGAAAAGGTA,C,9.10364,15.964049,1,0
20@ENSG00000125821@18744228,True,CTGAGGGCGACGTGTCCTCTG,C,8.065439,14.902439,1,0
20@ENSG00000101210@63494883,True,TCAAGAAGATCGGCTACAACC,C,8.809136,17.64231,1,0
2@ENSG00000116120@222633209,True,CAATGCCTCCCATCATCAATG,C,9.123269,15.92164,1,0
16@ENSG00000079616@29799041,True,GGGGAATATCCTGATTCCGGG,C,9.086074,15.53973,1,0
5@ENSG00000131507@142108866,True,GCCATCGAGACCCACCCAAGG,C,9.579194,16.03874,1,0
3@ENSG00000184897@129316166,True,GTCCCCAGCTCCAGCCGCCGG,C,9.070458,16.870085,1,0
1@ENSG00000163468@156310980,True,ACTGTGGGGCCAGCACCATCC,C,8.915718,16.182787,1,0
1@ENSG00000097021@6281137,True,GTCGCTGAGCCAGGAAGGCAG,C,8.918398,15.651507,1,0
11@ENSG00000087365@66058990,True,ACTGAAGAACCTGAAATTTAC,C,8.69644,15.542279,1,0
7@ENSG00000128581@101314890,True,TTCCCAAAGACCTGTAAAATG,C,10.305758,18.653627,1,0
17@ENSG00000167900@78174195,True,TGGGTGGCACCAACCTTGCTG,C,8.997059,15.683464,1,0
19@ENSG00000062822@50406213,True,GGCCGTGTGGCCGGCCTTTGC,C,12.231462,18.237537,1,0
19@ENSG00000167747@50798854,True,TCTGCTCCTGCTGCAGGGACA,C,9.325523,16.198223,1,0
12@ENSG00000170855@120446289,True,AGAAATTTCTCAAGGGGGACA,C,8.801519,16.84653,1,0
14@ENSG00000196497@24185464,True,CTCAGAAAACCTACAGGTGAA,C,9.460024,16.803102,1,0
11@ENSG00000168496@61796379,True,CCAGGGCCGCCTGGATGATTT,C,8.777919,16.479607,1,0
17@ENSG00000175061@16439630,True,GAGCCCTGCCCTGAATTCCTG,C,9.302239,15.364965,1,0
1@ENSG00000162772@212619726,True,CCCATTCTGCCCCAGAGTGGG,C,12.483151,16.389456,1,0
19@ENSG00000099341@38383395,True,GTCTGAGCCCCCCGGGCACTG,C,8.920105,15.703075,1,0
22@ENSG00000100296@29521014,True,CAATCAGTATCAGTTTGATAA,C,9.092565,17.321238,1,0
10@ENSG00000052749@97360555,True,GATACCCCCTCAGTACCAAGG,C,9.237176,15.666493,1,0
16@ENSG00000176046@28537643,True,GACACTACACCCAGCAATAGA,C,9.008355,17.61106,1,0
11@ENSG00000168496@61795632,True,CAAGCCGCCACAGCTCAAGTC,C,9.725098,16.017517,1,0
17@ENSG00000169689@82019298,True,GGTGCTTCCGCAGCTGGTGCG,C,9.405053,15.893354,1,0
15@ENSG00000117899@80979164,True,AGCTCTTTGCCCAGCTCCTGG,C,8.93016,17.263643,1,0
22@ENSG00000198832@31105049,True,AAGGCGGCGCCCGACGCGCAG,C,8.989149,15.562744,1,0
1@ENSG00000079739@63634931,True,GGCCACCACCCTGACCCCAAC,C,9.413639,15.406879,1,0
6@ENSG00000124785@5998906,True,AGAGGAAGATCCATTAGTTCT,C,9.146581,17.713844,1,0
19@ENSG00000170889@54207557,True,GGGCTGGAGACGACGAGGAGG,C,7.476581,14.658164,1,0
6@ENSG00000196230@30724538,True,AGAACAGTGCCTGGCACATAG,C,8.690478,16.5935,1,0
17@ENSG00000182481@68037418,True,GAAGGATGACCAGATGCTGAA,C,8.707749,15.456465,1,0
11@ENSG00000168496@61795912,True,GACTGCCTCACCTTCGGCAGC,C,9.877914,16.727064,1,0
9@ENSG00000155876@19050772,True,ACGCTATTTACTCAGCTACCC,C,7.3262405,16.324972,1,0
5@ENSG00000113068@140245666,True,CTAGGCACGCCAGCCAGACCA,C,8.777742,15.879721,1,0
12@ENSG00000073060@124782733,True,TTCTGAATCCCTGATGACATC,C,9.521281,15.246172,1,0
20@ENSG00000171222@35954093,True,TCCCTACGCCCCGAGCTGCGG,C,9.3668375,15.177473,1,0
2@ENSG00000143878@20449188,True,TTTTTTTCCACAAGGCATTCT,C,8.717137,17.03292,1,0
20@ENSG00000101361@2658003,True,GAATGGAAGACCCATCTATCT,C,8.562543,16.750557,1,0
12@ENSG00000111206@2864694,True,ACCGAACTCCCCCTGGGCGCA,C,9.522638,15.374671,1,0
21@ENSG00000160310@46649733,True,TGGGGACCTGCCTGCTGGTGA,C,10.350099,17.766783,1,0
10@ENSG00000052749@97358585,True,AAAGGCCGGCCGGATCCCTAT,C,8.690556,15.390542,1,0
7@ENSG00000090263@141010447,True,TGAACTCATGCAGACGCTCCG,C,9.354045,15.71661,1,0
16@ENSG00000131148@85779510,True,TGCAGACATCCCGTCTGACTG,C,8.581334,16.295324,1,0
5@ENSG00000131507@142152068,True,GGCAGTCTTGCTTTATTCATC,C,6.6020813,17.304365,1,0
17@ENSG00000161526@75706418,True,CTCACCACCACAGCCACCCTG,C,9.132368,15.622943,1,0
19@ENSG00000133243@1986965,True,TTATTCACACCGATAGCAACA,C,9.390504,15.6582365,1,0
2@ENSG00000170144@177217779,True,ATATGGAAACCAAGGTGGTGG,C,9.04428,15.35718,1,0
18@ENSG00000152234@46098178,True,CTCGGCGGGCCGGACTGGTGA,C,8.499055,14.988584,1,0
6@ENSG00000196230@30725337,True,TTTGAGATTTCTATTTTATGT,C,6.8977065,16.79144,1,0
12@ENSG00000159335@6770806,True,CCTATCCTGCCTGATCCCTGG,C,9.469309,15.482933,1,0
3@ENSG00000132155@12584078,True,GGACTTTCTTCAGAGAGTGGT,C,9.040378,16.4129,1,0
22@ENSG00000099995@30342823,True,CTGAAAACCCCCGAGAAGTTT,C,9.253212,14.898236,1,0
8@ENSG00000070756@100721500,True,CGATGCTCTACGAGAAGTTCA,C,9.163083,17.076653,1,0
15@ENSG00000140350@68787892,True,GGACAACAGTCGGTCGAATGA,C,9.51758,14.867959,1,0
10@ENSG00000107874@102423412,True,ACTCGCCGGACTCTGCCCGAG,C,8.46628,15.879995,1,0
22@ENSG00000182858@49910065,True,CGCGGCCTGGCTGCGGCACGA,C,11.393517,15.955912,1,0
12@ENSG00000215021@6970218,True,GGACACTATCCTGGCCGAGGG,C,9.18556,15.451176,1,0
2@ENSG00000138073@27131727,True,ATGAAACTGCCCTGTTCTCTG,C,9.2362585,17.416426,1,0
1@ENSG00000158710@159920422,True,GGAGCAGATCCTGATCCAGTG,C,9.177121,15.457604,1,0
6@ENSG00000180992@44113835,True,TGAGTTGAGCCCAGGCCTCTG,C,8.728471,15.235135,1,0
9@ENSG00000165283@35101789,True,GTGGAGGACCCTGAGTATGCC,C,8.845316,15.0556965,1,0
3@ENSG00000114125@141745397,True,GCCGATGGATCTGTGGTCCTT,C,8.407959,15.686726,1,0
19@ENSG00000172270@580426,True,GTCTTCCTCCCCGAGCCCATG,C,9.494396,15.183711,1,0
9@ENSG00000147889@21971044,True,CGCGGCTGGACGTGCGCGATG,C,9.848651,16.330603,1,0
MT@ENSG00000198786@13815,True,CCCTCGCTGTCACTTTCCTAG,C,9.20521,15.86874,1,0
19@ENSG00000171425@55645243,True,TGGTGAGAGCCTGAGGCTGGT,C,8.785933,15.627426,1,0
8@ENSG00000179526@144103173,True,CGAGGCCCCACCCAGCACGAG,C,8.748397,16.01661,1,0
16@ENSG00000103257@87831694,True,TCCATGGCAGCAGCCAGGGAC,C,9.989997,16.599724,1,0
9@ENSG00000044574@125240767,True,ACCTCCAACCCCGAGAACACG,C,9.510751,15.223647,1,0
14@ENSG00000165527@49894151,True,CCAGGAGAAACTGGGCCTGAC,C,8.893894,15.662095,1,0
12@ENSG00000139428@109557054,True,GAAAAATGACCCATCGGCCGA,C,10.067794,18.633429,1,0
11@ENSG00000172531@67398346,True,TGCTTCCTGCCTGCACCTGCG,C,9.441436,15.440554,1,0
9@ENSG00000165716@136723159,True,ACTGTGGGGACCTCTACCTCA,C,9.144224,16.406656,1,0
